id,symptoms,preferences,iso_e_super,hedione,galaxolide,ambroxan,linalool,limonene,geraniol,vanillin,ethanol
1,skin,"sweet,floral,citrus",0.03660630143605902,0.04216426667511822,0.008472052448440641,0.09931408398171261,0.06676175390475375,0.050420925415991795,0.08127778646767224,0.07032106461396878,0.5446617650562829
2,,floral,0.0110079717714376,0.015815516222636276,0.027061396684916375,0.08939528403032004,0.08919777655315175,0.04433043184515377,0.057153617209572585,0.11519530843611234,0.5508426972466993
3,"sinus,skin","woody,floral,sweet",0.05317726858401432,0.08748666247242831,0.009213878042333928,0.016801297386328008,0.10781774617146629,0.01906509093449169,0.07251944145787018,0.09724051344685279,0.5366781015042145
4,,sweet,0.022739681481082,0.038234630844332464,0.09648992098378929,0.011886080809417459,0.026931552621283047,0.0708093972167345,0.1089422748508351,0.08138456150363721,0.5425818996888888
5,,"floral,woody,sweet",0.08583063668461431,0.08095531671598695,0.08408919877809784,0.10693072594924864,0.09501127650013813,0.009066688637812834,0.050296972635961563,0.0262622274258973,0.46155695667224245
6,"breathing,nausea,sinus",citrus,0.07055499669115697,0.08896280612525465,0.08821560397031362,0.021167849586295064,0.04281889200383735,0.063049107092631,0.06475122474775798,0.068720624405229,0.4917588953775244
7,"sinus,skin,breathing","sweet,floral",0.015603596792940102,0.02264492075774,0.022061495235775812,0.03955500311433634,0.1339063902472948,0.036592745145243154,0.03360385557753993,0.03954184322052615,0.6564901499086037
8,"breathing,nausea",citrus,0.047274896611328936,0.05867788700914548,0.0265338496037834,0.03775947457399848,0.09840193152905241,0.08803778447315791,0.0657815547179854,0.07690285636271098,0.5006297651188371
9,,woody,0.06496236102706635,0.09062428379802662,0.07509885916254552,0.027038733811297407,0.07828917198304758,0.053327606262912636,0.019622703998894164,0.02950378127356623,0.5615324986826434
10,,"woody,floral,sweet",0.03063376705993608,0.065247341978105,0.09249276104004568,0.06609848008650729,0.09346062279030275,0.03224811299278002,0.08943152828735465,0.030691812544641064,0.4996955732203275
11,"sinus,headache","woody,floral,fresh",0.07416775640963383,0.02598956179024176,0.0823808953161315,0.10109759742767901,0.07447738859804878,0.06772286916197667,0.06085093445181052,0.05803379320920187,0.4552792036352761
12,"nausea,headache,sinus",woody,0.028905382537876653,0.037484692672498876,0.06421043601042617,0.09511503913760161,0.06130783109498113,0.04975423592608698,0.08893684609253606,0.023593692776892217,0.5506918437511003
13,sinus,"woody,floral,citrus",0.049695488827387314,0.08787060512175836,0.046116551243498054,0.05020851295120282,0.06409873677011389,0.025178018908624582,0.08836410551899251,0.06813395351221081,0.5203340271462117
14,,"sweet,citrus",0.06121580431241117,0.055997143280804976,0.04551367255296961,0.1131684523028394,0.07973066882164745,0.044208928079800244,0.08148957883547343,0.015990933241627266,0.5026848185724265
15,"sinus,skin","citrus,floral",0.015111929754121317,0.08611300278257125,0.012005648292068224,0.06163238146617434,0.12011247071905175,0.032483629648032565,0.07625870783919227,0.06404783268056989,0.5322343968182184
16,sinus,"floral,fresh",0.06887338451522579,0.055679338816198194,0.02322817863538474,0.08136327532111795,0.06524039059700222,0.033561096904829904,0.052216645315923585,0.010581181626473634,0.6092565082678439
17,"nausea,sinus","fresh,floral,woody",0.026734922103915357,0.011902530468996638,0.015230268138020432,0.010084681821550088,0.03646290206235346,0.07375507281275671,0.11249150900184074,0.04165867534734592,0.6716794382432206
18,sinus,sweet,0.11269595139572883,0.027326434897767076,0.021696393611040896,0.06691364347528526,0.0406231292926451,0.07910161794977522,0.03782826077386188,0.05947895582386838,0.5543356127800273
19,,woody,0.06619261135202262,0.07597795959184533,0.03152597135782521,0.0764909960883307,0.07249560972310452,0.08974638006853852,0.06907823950015528,0.025433817562081632,0.4930584147560962
20,"sinus,nausea","sweet,citrus,fresh",0.04983243786025433,0.11085134710521585,0.06742329334986553,0.058326918983449404,0.07924822619528936,0.05933433182881396,0.0636961379319158,0.009223481038340949,0.5020638257068548
21,"nausea,skin",floral,0.09679569495701047,0.05321213728861161,0.05389220749403633,0.05196919559378042,0.056758641124208434,0.08698777314581309,0.051634616727349085,0.03971320453966598,0.5090365291295246
22,"headache,sinus",fresh,0.010232853068522434,0.036909601769237924,0.014927465624473075,0.059067908723129135,0.05510106363500919,0.05081862178117972,0.13262683217411497,0.03134713960136387,0.6089685136229697
23,sinus,"sweet,fresh,citrus",0.04021360970840298,0.05904860964183243,0.058361799655042734,0.08146357769472834,0.11653313639854271,0.05313652306177373,0.0356554576351124,0.04123941958771083,0.5143478666168537
24,"skin,nausea,sinus","floral,fresh",0.0582430025564722,0.015044376312840373,0.10087428385886274,0.05943278665539062,0.029981807976132497,0.008439254305581163,0.06761397835333856,0.07228400517984593,0.5880865048015359
25,"sinus,nausea,skin","fresh,sweet",0.026764618309571785,0.10124596816732133,0.09545874651980973,0.021862229958911038,0.054957445455175814,0.04975174043857348,0.09424835194694649,0.04110181249764018,0.5146090867060502
26,,sweet,0.08707408945095267,0.047127086579906115,0.09173283837663682,0.07997692061844719,0.026446876129458428,0.040801023765043,0.03351370446762411,0.078475915081097,0.5148515455308346
27,"headache,nausea","floral,sweet,citrus",0.05381182368875082,0.06399784537077001,0.021657210799498613,0.08105104665872379,0.06070017953703143,0.08739130308442047,0.09213389419679602,0.033414476800900345,0.5058422198631085
28,nausea,floral,0.057740600842556423,0.11675333063340013,0.0529429944759235,0.04339041925619647,0.11286373598470958,0.028434741641925707,0.07218170799838947,0.04275925554915707,0.4729332136177416
29,,"floral,citrus",0.05425232935088388,0.08655859444038123,0.04219834885280431,0.02481805485847211,0.09943211083823086,0.07929599354160456,0.029950424713845708,0.07066076777178436,0.512833375631993
30,,"sweet,fresh,citrus",0.04205958103956596,0.012298203525840273,0.12309957800741282,0.09526547680092882,0.011011250994593604,0.017014199950218,0.025743028557042125,0.13332586855797585,0.5401828125664226
31,headache,woody,0.055727653404215635,0.029237172475328827,0.07938157701320893,0.03704786805076415,0.08334076934017919,0.1108567785269877,0.05058389892664812,0.08052389072308846,0.47330039153957904
32,"headache,sinus",sweet,0.05798134382826159,0.032042583328325616,0.033232434994116385,0.020625579694706936,0.11780501189503473,0.06398074479484851,0.06969543948600916,0.09651166545611158,0.5081251965225855
33,breathing,"fresh,floral,woody",0.07987669290744374,0.01872903859629942,0.1008489405236563,0.0190852458529565,0.07744928352872803,0.018437379077407855,0.10547310575728866,0.08615164526560352,0.4939486684906159
34,"breathing,nausea","floral,sweet",0.1262360051955659,0.11777110451476801,0.01663712893896686,0.03803578134186822,0.012743434607993574,0.024011081183257704,0.07972511795789199,0.034876463381323615,0.5499638828783642
35,breathing,"sweet,citrus",0.08867903451021801,0.028688346719924675,0.018440196186682984,0.03426270446101958,0.09287222188104645,0.046485623404587444,0.0870064919410482,0.04087677968415843,0.5626886012113141
36,sinus,woody,0.03970006050618762,0.07209538929884857,0.09312603270569342,0.08614733970423864,0.045849495488091536,0.04007094604845184,0.05580862222821502,0.0753229436061181,0.49187917041415524
37,"nausea,headache","sweet,citrus",0.08075662212026542,0.040211975043992446,0.01815024940709675,0.08385526730991893,0.07862893858969529,0.06845417804551716,0.0584652652157214,0.07932174735215645,0.4921557569156362
38,"sinus,breathing,skin","sweet,floral",0.015118678336728093,0.011096805171032533,0.05396758850497596,0.12108956805315611,0.04799665454278954,0.06918992769671371,0.05219228204903558,0.03716799988020876,0.5921804957653597
39,skin,"citrus,sweet",0.09327940976470793,0.01764162525743979,0.013185237304220044,0.07436098045831661,0.10939599380056847,0.06664152435437808,0.11012893956317804,0.015301193642580192,0.5000650958546108
40,,sweet,0.07482715657499907,0.11875580493411066,0.035362293580541014,0.03182000591098719,0.057354076471325614,0.08959235665662199,0.0269640136396588,0.054193146136737126,0.5111311460950185
41,,woody,0.07162781230363487,0.069057960445301,0.07758467310579277,0.062339179982334916,0.02128471881122396,0.05832520512237917,0.02886991339993513,0.030672397684326707,0.5802381391450715
42,skin,"floral,woody",0.07156453797982036,0.055122336596426215,0.028451233948456455,0.020140057182006,0.021819274907395093,0.07995314456506188,0.04871356336678791,0.1043565907987412,0.5698792606553049
43,nausea,fresh,0.06019577845058073,0.056855811946047,0.04475550580780898,0.07404165074286638,0.02012747744361588,0.10260937553394943,0.09273544916141578,0.10440515781688639,0.4442737930968294
44,"headache,breathing,sinus","citrus,sweet",0.01609348794407623,0.07516934556260545,0.024986877681743676,0.08486430103398847,0.11461984946525787,0.05069791287902036,0.06280997165305736,0.04336360835104762,0.527394645429203
45,breathing,floral,0.08459632530170118,0.007573664844585943,0.06797229119714211,0.047993751022544114,0.08490093969144549,0.01731522222367748,0.0675824076978524,0.09035859942934577,0.5317067985917056
46,"headache,nausea","floral,sweet,citrus",0.07789244802021253,0.051757476962165885,0.06261027447358641,0.07382614242526223,0.04109654310268594,0.03682466260836188,0.059912999328104684,0.08295815865159713,0.5131212944280233
47,"sinus,headache",sweet,0.10028075212453197,0.011418843042742748,0.052400212825663116,0.08311558146353175,0.07028919721947564,0.01910196492629345,0.09601763028444783,0.014898613690153335,0.5524772044231602
48,"sinus,nausea","citrus,woody",0.09974101869230266,0.020549643634284954,0.07564216616631096,0.08312574693667417,0.01677117851558517,0.086723172112764,0.04683035432597336,0.03514925504751902,0.5354674645685857
49,"nausea,skin,headache","sweet,woody,citrus",0.0997690831997328,0.04476674984776312,0.04625591068879333,0.04507587289418405,0.043397113987560805,0.08768933344035673,0.06266694483247265,0.10036420242234878,0.4700147886867877
50,headache,floral,0.0258264909343063,0.0715463427987508,0.07077325706050161,0.07061306931399534,0.014319404123000135,0.0575386943318828,0.0962973739834464,0.02219683017462185,0.5708885372794948
51,"sinus,breathing",fresh,0.023768738826928325,0.07818638041496476,0.00929391981275411,0.08690941558095011,0.00944765529319427,0.07850090982829529,0.03490081672859765,0.040229212949405464,0.6387629505649101
52,"sinus,nausea,headache","citrus,fresh",0.02537474088639801,0.06601952266535412,0.09520562110759678,0.06901276196026325,0.06668249556148417,0.08879290027570631,0.011706982875271249,0.0641683262980636,0.5130366483698625
53,"nausea,skin,breathing",woody,0.025061767266740313,0.05113376565360323,0.07891420976142408,0.0895650526932069,0.07652561291486037,0.08512724410233312,0.07916518664048224,0.020227781506749015,0.4942793794606007
54,"headache,sinus",sweet,0.00820389403360808,0.031232535174028034,0.0392727190408853,0.01748142907298682,0.09672125549226117,0.09649464434088392,0.06199467071455249,0.09311548516778903,0.5554833669630052
55,"sinus,nausea","citrus,woody,sweet",0.05685132955996039,0.07883642224480143,0.02167356124187616,0.033489783717592425,0.0805079037641525,0.04790541670853622,0.0809573595043825,0.06274709469065486,0.5370311285680436
56,"skin,headache","fresh,woody",0.0699245611296609,0.04669214681071449,0.030575975893688198,0.07529896192204023,0.0821048347320183,0.022615089563367666,0.08540238662167762,0.08653104247679407,0.5008550008500385
57,,"floral,citrus",0.03053407710052184,0.02417023197856759,0.10876080226370159,0.023129983117615202,0.056076106932705386,0.09388898480604545,0.09923058001084352,0.01666425063425645,0.547544983155743
58,"breathing,headache,skin",citrus,0.01464092368084554,0.033219123014682515,0.0710022747615644,0.08549420967189124,0.10346489082664162,0.10266247741891281,0.08435253213741548,0.013409475031360514,0.4917540934566859
59,"headache,skin,breathing",fresh,0.03495009808262538,0.09537699388500756,0.016696287540733042,0.07308467890293818,0.016383625410554152,0.048609725247625524,0.05527070019720173,0.1271713059550363,0.5324565847782782
60,"headache,sinus,nausea",sweet,0.01709204312014032,0.09731329003141846,0.10134119744067893,0.029009051698879733,0.04980125260897766,0.056848276688867015,0.05953972394275301,0.07742813664871963,0.5116270278195653
61,,"citrus,floral",0.08124080615874987,0.0557334559156363,0.09183048477199167,0.07829479665926999,0.10543921986218514,0.013599420327171133,0.027379571677552887,0.09164237381044715,0.45483987081699584
62,breathing,citrus,0.04819115514667439,0.017585541340636755,0.08190763160372158,0.06521743057353284,0.11347297029937216,0.0113776723094086,0.02163687861525158,0.040379987350546355,0.6002307327608557
63,"skin,breathing","sweet,floral,fresh",0.09133212885710947,0.04580187446344409,0.013100322018661851,0.041820153416810335,0.07812028366992632,0.07883199700271817,0.022122067830055058,0.024927430101544048,0.6039437426397307
64,,floral,0.05069031076831413,0.06278794775505338,0.008953394118453313,0.09463873797801939,0.09392715815065204,0.10144277588071185,0.09828629324156762,0.00785674400623565,0.48141663810099267
65,"sinus,skin","sweet,woody",0.07039351928115117,0.026958405358803093,0.06632572941685419,0.01915975483647051,0.09593658888577639,0.08943594478755651,0.019190296897228967,0.0338113432295992,0.5787884173065599
66,"headache,nausea,skin","citrus,fresh,floral",0.08488729583603245,0.013980626687180989,0.030948285938584567,0.09966015998501294,0.016133183412352627,0.11298879699683707,0.0608209976342626,0.10602843978766537,0.4745522137220714
67,"breathing,headache,skin","sweet,woody,floral",0.06603991154402351,0.0888079397218626,0.0968095348983947,0.10073467637145732,0.07609157002694682,0.048640930517264015,0.05778057752615841,0.0396788406797557,0.4254160187141369
68,"skin,headache,breathing",citrus,0.022478565121234525,0.09490885624916293,0.06764577178988353,0.06535954966527441,0.06840038820593562,0.027216678662479635,0.08710101623481688,0.08466508676774029,0.48222408730347227
69,"breathing,sinus,skin","sweet,citrus,woody",0.102155509389034,0.0126258352529678,0.050408272229935824,0.019853626262212428,0.02221150330817216,0.07736702851187743,0.08512799333461578,0.019142173514431468,0.6111080581967531
70,breathing,"citrus,floral",0.053906336373143314,0.11937826042730383,0.029701954987451946,0.011705417757926466,0.10509479898552902,0.0703059192863762,0.03824288938734812,0.016066008869318558,0.5555984139256026
71,skin,floral,0.07251070960992627,0.08591525419406576,0.05390987672362179,0.05815784600504129,0.029668164618312905,0.050465439751839786,0.055159043080540926,0.06423380021515171,0.5299798658014996
72,"skin,headache",citrus,0.05386219603002551,0.08271290855555866,0.08942609093069111,0.019257210739703476,0.02448636810976886,0.05615330684208534,0.015559696871510589,0.097103369624797,0.5614388522958594
73,nausea,fresh,0.04126084132490326,0.05420095143718749,0.07973106404072741,0.03009404818926284,0.07626453749219907,0.10594311480385686,0.03600635590323986,0.06291497553641583,0.5135841112722073
74,"sinus,skin",floral,0.0549416897656114,0.07162882735873381,0.022573099903386403,0.04534038443399294,0.03478686608430197,0.07878774782752068,0.08046195085881323,0.09129442277555791,0.5201850109920816
75,"breathing,headache,skin","fresh,sweet",0.08553817146535972,0.11885144352242442,0.01091841348102029,0.01987091888015028,0.05760844281541898,0.021584624946326902,0.0785665763818986,0.03931308119035424,0.5677483273170465
76,"headache,sinus","floral,sweet",0.05022468165881054,0.009300982368104034,0.06669254145844504,0.0933994781357859,0.021552669433587412,0.06697842916024753,0.05400615471518495,0.04713328693153814,0.5907117761382965
77,,citrus,0.05942857474200979,0.10256273674481334,0.03730217817427605,0.03405843903660367,0.07332279646908284,0.033529590946046545,0.02558253896762713,0.08668262661749059,0.5475305183020501
78,"sinus,nausea,skin","citrus,sweet",0.0450664393050156,0.07266500762298053,0.09639534348555379,0.08713315885251231,0.055755903154017426,0.026946799801970345,0.07691778959957152,0.02939599964393035,0.5097235585344482
79,"skin,breathing",woody,0.09703096108804486,0.02070583360627649,0.053701690286721754,0.08909242432190216,0.01123515359749094,0.020235996849423243,0.09911289426853337,0.03773038399935476,0.5711546619822525
80,"breathing,skin,sinus",fresh,0.07400679226179961,0.09054785806023458,0.014544314316838364,0.07587819411294296,0.05937424296719351,0.03671420481336106,0.04552636320739795,0.10663408393026019,0.4967739463299717
81,"breathing,skin,nausea",fresh,0.02370271202030652,0.10767697581514091,0.014643495814182587,0.08270384198495555,0.07774330167794599,0.06216497874879937,0.03588229936480179,0.09133298039947833,0.504149414174389
82,"skin,sinus","floral,fresh",0.06844953812462617,0.055138542506756004,0.10379251208865102,0.038576848974877495,0.02836352085396572,0.11517119358503712,0.06707643788988288,0.05438106469909074,0.46905034127711276
83,"headache,breathing","woody,sweet,floral",0.07897214291768781,0.09790167600705145,0.007908293310572606,0.05985679260739542,0.08815419631723163,0.07689068654727116,0.050243285682003806,0.0988659150480019,0.4412070115627842
84,sinus,citrus,0.010951932432578198,0.07703194744849258,0.05569724751345534,0.04810217651999542,0.02516094073257418,0.06502301598728864,0.109752782121613,0.10477179762037407,0.5035081596236285
85,"breathing,sinus,skin","citrus,sweet",0.0860033706171646,0.10322873358741268,0.08064454483882817,0.04647321994427194,0.061453594762379805,0.016145971094099733,0.02053475710734269,0.0687945318876273,0.516721276160873
86,"nausea,headache,sinus",floral,0.03993631436665373,0.033410091573446626,0.03268331768460522,0.1161505184657504,0.07280598572013915,0.04596986343642302,0.043887843224236466,0.03598714406496556,0.5791689214637797
87,"sinus,headache,breathing","fresh,sweet,citrus",0.03768997224971839,0.09136096669741631,0.10098727657861839,0.03322934066605014,0.045933928777293666,0.029353643931883045,0.05519783135809517,0.0758312070431471,0.5304158326977779
88,nausea,"sweet,woody,fresh",0.08583102064162672,0.009249629081771404,0.008936558480469687,0.07426431578259995,0.09890293666929718,0.024988291360865347,0.08014642336036919,0.08903238771040954,0.528648436912591
89,headache,"woody,sweet",0.09772677364516956,0.024229576373445777,0.07755927309447881,0.04030032246588721,0.06784785772547158,0.07998099101714246,0.07466435215411098,0.08009426779968194,0.4575965857246117
90,breathing,citrus,0.03791962278776731,0.03196997985969063,0.053464103329156035,0.044599438793605305,0.06791734399636298,0.08311967043906059,0.06371652788981946,0.07915426912790435,0.5381390437766332
91,"breathing,skin,headache","floral,citrus",0.060084471037175124,0.09460132816267626,0.08984408760014122,0.07280025722030772,0.015983652268243474,0.08271589145618122,0.07117702152102579,0.0979771785486205,0.41481611218562875
92,,sweet,0.09268212463991576,0.061791878232333446,0.05758696856719182,0.09907629822066688,0.04623993031502644,0.039301430669821155,0.04751397639501571,0.05209982634720763,0.5037075666128212
93,nausea,"floral,sweet,woody",0.03612357364815801,0.06765061230077922,0.06065092632342759,0.05051916289947688,0.05436460155584254,0.06967119799215833,0.07566031813404604,0.022462586183424556,0.5628970209626868
94,breathing,"fresh,woody,floral",0.07361456410667008,0.02064717203021971,0.09382557410894529,0.10980333872126163,0.0937347704988254,0.013918675822489998,0.1010309057992418,0.014667445049826627,0.4787575538625194
95,"nausea,headache,sinus",floral,0.0776417141408763,0.02392014793889885,0.06988416258130632,0.02105391939348589,0.05649446426501847,0.05084589544910667,0.09048114608628985,0.09232007847869914,0.5173584716663185
96,"sinus,nausea,breathing","fresh,citrus",0.11795507967727183,0.11261529861667215,0.015622183697538164,0.05302641454748514,0.021874055457582642,0.06514975881665563,0.049308778406120045,0.05765311865110294,0.5067953121295714
97,sinus,floral,0.10060222323069937,0.011624815167936895,0.062025957079812524,0.031110370298730365,0.0744112677811221,0.02085041813905124,0.055135945850490344,0.04131317590800473,0.6029258265441524
98,"breathing,sinus,skin","sweet,fresh",0.09053306912463188,0.015181615874747258,0.08376437940654338,0.09968539199512806,0.05162449870051907,0.053382447456168304,0.07890957016534034,0.00850685805167894,0.5184121692252427
99,"nausea,skin,sinus",floral,0.021956311215141234,0.058230188290124156,0.01542463317669187,0.05852878940459825,0.09349284030006241,0.010714580532241592,0.04334796552634562,0.0557803680560015,0.6425243234987934
100,"nausea,sinus,skin",floral,0.04735363270397023,0.07138710228858579,0.08349192086811069,0.035567150690579134,0.0943002160272705,0.09941244467717907,0.025831404841876477,0.034086780229677885,0.5085693476727503
101,,"floral,fresh",0.07931403035869299,0.04719263647492311,0.07889503443233171,0.06209689629417833,0.08311537071750882,0.03797657584912553,0.05163943750033905,0.026728407681367902,0.5330416106915324
102,"skin,headache",fresh,0.011097334858715968,0.0194872534133965,0.048154010877289946,0.09729101547370661,0.08367158716709024,0.0335585579464102,0.03645463927097925,0.08721209215936057,0.5830735088330508
103,,"fresh,woody",0.08398827707171715,0.05009998673190879,0.03451616572857414,0.08922925351576094,0.036387985548670385,0.03266930725572311,0.07694780986309609,0.02131267657546613,0.5748485377090833
104,sinus,citrus,0.07019594053737858,0.043885579716568424,0.04139217349557298,0.049971468743102244,0.10003943047923636,0.019874313091887013,0.03405572878797395,0.051694531654100616,0.5888908334941799
105,"skin,breathing,headache","sweet,floral",0.0287627702970436,0.06798836679743397,0.08513107733769522,0.054163772720990155,0.046280798102655264,0.07768237012900102,0.0850994577854175,0.09354621274370914,0.46134517408605413
106,"skin,sinus,nausea",floral,0.025528750444593823,0.012237305932466462,0.04669929685560427,0.10493542923610366,0.026821672182904023,0.0784771277190268,0.05705951011575296,0.11517592860737604,0.533064978906172
107,headache,citrus,0.09587331690585228,0.01869647198823224,0.09903674866973444,0.03977190381894632,0.1198010587201817,0.022053422405964425,0.008966294942945093,0.048729160285452544,0.5470716222626909
108,,sweet,0.08942491552000317,0.04973891010324374,0.02937501909167812,0.10511756814653644,0.046541414453120496,0.015860233276541538,0.05317586950303773,0.07925151509463577,0.531514554811203
109,sinus,"floral,fresh",0.04896355953174949,0.08870697248529154,0.0233598451898856,0.059156772210028914,0.09283563264172577,0.08056377347495493,0.01917358819420738,0.04204776268562562,0.5451920935865309
110,headache,"woody,floral",0.013484536335275325,0.009664762892515548,0.05038966825057589,0.05782912284671062,0.013152179509573805,0.03734251633618692,0.0921241258249552,0.09783948124227271,0.628173606761934
111,breathing,"woody,sweet",0.018299005178930506,0.07394539839924914,0.04316080764987466,0.057967269447383264,0.07581924109299884,0.08997498257300757,0.08792236358135098,0.03946299858787657,0.5134479334893285
112,"nausea,breathing",floral,0.06530513383941851,0.11876333288549024,0.05566491235948722,0.02087955308432849,0.04229341800626026,0.08408679797324446,0.07947087050195258,0.02295099222990082,0.5105849891199175
113,"skin,sinus,nausea","sweet,fresh",0.0643118648592997,0.05141640359936442,0.07116394154964784,0.013143076780405114,0.07413918863522874,0.1092504693476802,0.038379206904684,0.09247153766339197,0.48572431066029803
114,"sinus,skin,headache","fresh,sweet,floral",0.028720539175151112,0.04444529779683342,0.07063226036949545,0.03841666102337112,0.01899171340835,0.07985875276198479,0.03834914948176042,0.0747709229574058,0.6058147030256478
115,"skin,sinus,headache","floral,fresh,citrus",0.06773445010584712,0.08422765390685034,0.0323783172823298,0.10531032230706211,0.06567087954669323,0.026467197218197867,0.05327099335637947,0.05282180983677385,0.5121183764398661
116,"skin,sinus,headache","woody,citrus",0.08349726515868264,0.10424233752112211,0.04068483501995494,0.025390144801205154,0.06925924092844361,0.10668373348013148,0.008279243189415223,0.047251011194847044,0.5147121887061978
117,,sweet,0.08498096178176391,0.08294447236712577,0.046014264030666045,0.05119012287090251,0.07279086028378239,0.08449617392579366,0.06308137795227677,0.023731992701482678,0.49076977408620637
118,,"fresh,sweet",0.02738482535741366,0.03961448590541716,0.04225107693883602,0.06387028443584736,0.07625967165955037,0.08005040598159223,0.06311385277583167,0.10319054851894986,0.5042648484265616
119,,"woody,fresh,floral",0.08989554017152081,0.0417326167961056,0.04236368219601262,0.03000467311409081,0.07989724427447602,0.0923238164602023,0.055579430688649616,0.08093245169540625,0.487270544603536
120,"breathing,sinus","citrus,floral,sweet",0.044135912248048026,0.02662419315802957,0.09724615789199466,0.038170518291252016,0.04719993915978641,0.06261994039956433,0.07923639812022507,0.10089099252450512,0.5038759482065949
121,"breathing,nausea,skin","citrus,woody,floral",0.02858706339981118,0.09661292727848737,0.09262386386490624,0.018603601167051495,0.04265325683101132,0.056833736170884934,0.08310928521422487,0.0656997466485555,0.5152765194250671
122,"headache,sinus",floral,0.04243703432453637,0.11383044733987097,0.11501495181010706,0.02105157425330162,0.00913457265502556,0.06926884993517303,0.05312400447154679,0.02267507992258174,0.5534634852878569
123,sinus,citrus,0.050358289171545514,0.0995768029803478,0.06656891578194152,0.04947499285795697,0.09357742997905714,0.08439827265619211,0.032226710997470986,0.08834071297258793,0.4354778726029
124,headache,"fresh,sweet,woody",0.015678117263601892,0.07394036237151008,0.055345010694844,0.10915761231006002,0.04761963205261681,0.04004267229579505,0.029355805736483023,0.04000869954968011,0.588852087725409
125,"nausea,sinus,breathing","sweet,fresh",0.04387203991703634,0.015010316922436815,0.0884785953457922,0.07424024143591955,0.012630640134821737,0.1049076405032651,0.09742367080726567,0.042019405145711994,0.5214174497877505
126,,"woody,citrus",0.055557813631604454,0.06693575995583173,0.07146959631662665,0.10252141272241981,0.026833815084329183,0.06906107076115865,0.09572063985800199,0.05242231362304024,0.45947757804698725
127,"nausea,sinus,skin","fresh,sweet,woody",0.009419587129629266,0.014383991347167932,0.11295099094663896,0.10795013323034361,0.025828232936364985,0.060966752303642284,0.08057363254769345,0.09067506517793128,0.4972516143805882
128,"skin,nausea,sinus",citrus,0.07930806928016117,0.027366311352140515,0.08001088720805472,0.0345917345616799,0.10535068410311622,0.04878780621257976,0.05799018048145699,0.008471802543067779,0.5581225242577429
129,skin,"fresh,citrus",0.03429836186682651,0.023671952033464384,0.02862526272731146,0.04293296248961591,0.1164422624952148,0.027973560073114443,0.11685310837947165,0.05767060371652605,0.5515319262184548
130,"skin,breathing,headache","fresh,floral",0.012551478402915655,0.008854454244420959,0.013204377244435024,0.10076613416183372,0.08749417755097537,0.06999260969665602,0.09010615916034921,0.09595302244207082,0.5210775870963433
131,"breathing,sinus","fresh,floral",0.09062743562964118,0.08783527155136679,0.07801754224845739,0.014618301022857133,0.10394889465837508,0.030080830591448837,0.0158184223861257,0.10823250379465157,0.4708207981170763
132,,"citrus,sweet,fresh",0.01718056294435815,0.031728809884418646,0.1127223300590802,0.013311368986371848,0.11776270538387812,0.015555083974049321,0.067204960949235,0.11842484347275424,0.5061093343458545
133,,"floral,citrus,woody",0.060510766308402984,0.04834574533016948,0.04449654798043273,0.04250757914474521,0.09584597432873612,0.052992909220168534,0.05939943129012946,0.04860237060516707,0.5472986757920484
134,"sinus,breathing,skin","sweet,fresh,floral",0.08870551696113499,0.03946592586216644,0.07633302715729544,0.03328995567927472,0.07935340682823025,0.06634844120965572,0.061455928306297924,0.06626713214478082,0.48878066585116364
135,"nausea,breathing","sweet,woody,floral",0.10187419638899943,0.04546545241990678,0.05698917005919437,0.08576136251398656,0.09635245526974,0.07575138921126327,0.049083966179352054,0.04622877437004454,0.44249323358751297
136,headache,"woody,fresh,sweet",0.058440015423894445,0.06732050972732143,0.06815017905087656,0.03991578800037243,0.08294565636900944,0.045995700539999955,0.04596973216029458,0.056638750958300954,0.5346236677699301
137,,"sweet,fresh,floral",0.08447274942501339,0.09554446437255298,0.11018737621624253,0.046323130463398615,0.011742675896323424,0.013727023664945943,0.04982322230762767,0.07775734549704838,0.510422012156847
138,"breathing,sinus","floral,woody",0.06251417245933692,0.02632628280531339,0.03718168435464662,0.10012963440375743,0.051687388648369324,0.07826266116030003,0.07920352784706101,0.04187163873554413,0.5228230095856711
139,,"floral,citrus,woody",0.04050646411407272,0.03734519062519075,0.01932141929452731,0.03148582572666503,0.024735913238809012,0.05610343876331356,0.020424072370315783,0.04467923376810527,0.7253984420990005
140,,"fresh,woody",0.10043392797958603,0.061288653252495544,0.10386528426099302,0.042908232977714005,0.018702179717795368,0.08459127658059579,0.0885599695801209,0.05336372249618884,0.4462867531545105
141,breathing,"sweet,floral,fresh",0.07234703282079301,0.035211802396729386,0.09105967178530024,0.09857661892606281,0.08188104067864353,0.06889727744238829,0.022056439611748392,0.07508758746745518,0.4548825288708792
142,nausea,floral,0.016412627437271704,0.07197084303526763,0.13113910970793985,0.013711497102416193,0.03580083559688825,0.050755134063437006,0.047896476020702676,0.019719887327560432,0.6125935897085163
143,,woody,0.047009471398627656,0.07787304953351043,0.04532253017803068,0.07843140054549995,0.08833292239910596,0.021779944060287448,0.014340588386943756,0.062390998380022634,0.5645190951179715
144,,"floral,woody",0.06287142768697167,0.05039271620238946,0.07498669996781161,0.03016098448901611,0.10136731478170953,0.09630795679615231,0.0446980532826414,0.07649894243962724,0.4627159043536806
145,headache,woody,0.05644779485980597,0.025145782203851517,0.022835117100787675,0.03675108873215727,0.11057917889969986,0.05597003008117821,0.028449720088643805,0.1067238700760441,0.5570974179578316
146,sinus,"fresh,floral,citrus",0.0908105619253212,0.05476115391297193,0.0477251602591646,0.09526714391865951,0.06476855581205526,0.0778547468539788,0.06614366481788297,0.04695630093339014,0.4557127115665756
147,,sweet,0.05157051899174737,0.08853367668571954,0.09807755589062436,0.03338677573029548,0.10145735260378336,0.056943972545790235,0.07026567132305508,0.006959882308761334,0.4928045939202233
148,,floral,0.03609743432539871,0.09833657982368099,0.0663813567365898,0.09763338761905169,0.08734247985327444,0.0776214027947272,0.05648103813938772,0.03461612220046105,0.44549019850742844
149,"headache,breathing,sinus","fresh,woody,sweet",0.09791091137765519,0.06983391405989635,0.027579978304817135,0.03913095871234133,0.03623136145328709,0.08949302297764117,0.09220945995545825,0.07982614958570555,0.46778424357319787
150,breathing,"woody,fresh",0.11299382897287077,0.056585759148732394,0.03468741002940511,0.03662634768840689,0.0391744322626825,0.036075051120898025,0.010245180105949514,0.06820664269264397,0.6054053479784108
151,,"floral,woody",0.04142160150480045,0.0598458569053331,0.036454713679327386,0.03917957520328592,0.07943084425708094,0.09132825879404818,0.0931838374270613,0.07456509997061467,0.4845902122584481
152,"skin,headache,nausea",floral,0.03865525303075346,0.019577219340895007,0.02876938140193862,0.05725933218972891,0.054330636283396884,0.02019125539729486,0.07669452624850827,0.0652759254354535,0.6392464706720304
153,"breathing,sinus","citrus,sweet,floral",0.05970283874931463,0.07955013659407201,0.06252808235362808,0.011375170544884083,0.0728912056455335,0.061629371169897994,0.07782635506555964,0.05659842710162252,0.5178984127754875
154,nausea,sweet,0.07471329131079611,0.04113248863795243,0.09058390713230942,0.03320816538833264,0.021877253835557952,0.09784431295719283,0.0942555519522035,0.07732016980897082,0.46906485897668426
155,"headache,breathing,nausea","fresh,floral,woody",0.05856499189387411,0.015274919704649528,0.08056582343215817,0.08642054223650705,0.013440839340525647,0.05077877805721164,0.08686579752158023,0.06945457315154627,0.5386337346619474
156,"skin,nausea,headache",floral,0.044007701969458,0.021305387249201797,0.09650096105143374,0.014810588608091273,0.0756859295914888,0.07250228049619925,0.09428022025712444,0.05778039316524098,0.5231265376117618
157,"sinus,breathing,skin","floral,citrus,woody",0.015258374545229133,0.08148298643292846,0.026252649762331264,0.09915237872552964,0.018531790462983203,0.08385926368765978,0.05081461543635861,0.08746709333954314,0.5371808476074368
158,,"floral,citrus",0.037824212670936525,0.07314875926400259,0.08530379458143598,0.06925366632397018,0.06913185151385731,0.08205277566293186,0.045868241061165,0.06209590473598545,0.4753207941857151
159,"headache,nausea,breathing","sweet,citrus,floral",0.029212465840065358,0.06011052688650835,0.09331696014398404,0.09991794626373586,0.06276421868371579,0.05631432819441128,0.08688833235593552,0.019892298499034088,0.49158292313260965
160,"headache,skin,nausea",fresh,0.011789472732222004,0.030973345313076783,0.12266340995210823,0.0376904725227433,0.05155121745414672,0.018216041629571633,0.08102193685117443,0.011387234828789564,0.6347068687161673
161,"breathing,headache",floral,0.055123961009069626,0.06524228290067424,0.06911945937055312,0.051571196950222095,0.06039908469592867,0.06707676674556554,0.08940995304749237,0.07856200289239725,0.46349529238809717
162,"nausea,breathing,headache","woody,citrus,fresh",0.028127839611258938,0.032327584617845774,0.02791370318779339,0.04979109046897402,0.06201902148015847,0.03551679432775737,0.07613598562457623,0.0716237184131721,0.6165442622684636
163,,"fresh,citrus",0.06378597267254572,0.019830338462302123,0.01189027445220613,0.08653576162816672,0.09492673804840306,0.09167662983440651,0.09462899871219219,0.07906942355044379,0.4576558626393337
164,"breathing,headache,sinus","sweet,woody",0.02900435880639397,0.06675425270831616,0.05702603382293179,0.046452665250428966,0.06603893476692578,0.041629404990650265,0.05112559373497049,0.06533033101865826,0.5766384249007243
165,"skin,headache",floral,0.010214847668710673,0.012560126766076055,0.10976475705909175,0.035650333377367505,0.08539996183364612,0.06495428801045887,0.07870618498911044,0.022419131085632305,0.5803303692099063
166,,"fresh,sweet",0.06621418473411204,0.02399367929849087,0.02922638761008259,0.09613239133613337,0.09579425468972402,0.07076850021967572,0.040956156398510225,0.09966295078077035,0.4772514949325008
167,breathing,"sweet,floral,citrus",0.029116516189841433,0.03259356651635484,0.0784032805582501,0.07949278443160351,0.11271525626320916,0.06575366309175122,0.07351351376176085,0.041810779830904525,0.4866006393563244
168,sinus,"citrus,floral,sweet",0.021711061738284118,0.12570090142797338,0.03310722555924017,0.014975573195577947,0.013577798105030552,0.06168077041082202,0.03296101575864671,0.015570482155301896,0.6807151716491232
169,,"fresh,citrus,floral",0.07523638376387294,0.07443469240781209,0.07748777679680742,0.02869184968976825,0.08203940786187668,0.02760431158703469,0.037750393809892036,0.0636985661881047,0.5330566178948312
170,,"fresh,sweet",0.06997356572172371,0.062718389326479,0.054755241083081316,0.08756994920909847,0.017685162634847523,0.08885445627374011,0.04601513247174141,0.06441548653960391,0.5080126167396845
171,skin,floral,0.01212462233721091,0.07599320226370741,0.011835505010273686,0.08091636221613763,0.05813665302054948,0.06236986786130734,0.07895879027735891,0.08968233839096393,0.5299826586224907
172,"nausea,sinus","citrus,fresh",0.02001634778712977,0.07289676358742582,0.09771202439469856,0.06963787485254146,0.02031722567263602,0.094627079896816,0.08114606389002336,0.05372432191278408,0.489922298005945
173,"sinus,skin",floral,0.014864871906180181,0.060027313031675675,0.09571883509501364,0.012503073413462011,0.07506392293727271,0.09636212136574249,0.08931511863317304,0.08224311429894987,0.47390162931853036
174,sinus,"sweet,floral",0.1000682583526085,0.10934050978083876,0.05837368355773588,0.010170181562041148,0.03148754506688839,0.0372812428667406,0.1078916131573781,0.009005149950012444,0.536381815705756
175,,floral,0.08419410407794496,0.018322548575436914,0.10328044676945883,0.05974807118308692,0.09712841151700947,0.058768219920740654,0.009936538941486103,0.011261900016796481,0.5573597589980396
176,skin,"citrus,sweet,fresh",0.07630955110491258,0.0787340403968331,0.0788208489436275,0.05235776712559113,0.08746381421052346,0.08014456569954995,0.015545774600908818,0.04595883216206766,0.4846648057559858
177,"headache,nausea,sinus",woody,0.031466576194167845,0.0617429683292971,0.044425136233738186,0.050605025190912936,0.04419352532027034,0.04776246522790766,0.05950341148452935,0.11298017188435477,0.5473207201348218
178,"sinus,headache","floral,citrus",0.056174356000451606,0.030890380260050757,0.06104020796292588,0.08528138398099983,0.03430562883317261,0.058253466930104005,0.06504152800811527,0.09322124468517463,0.5157918033390053
179,"skin,sinus,breathing",fresh,0.027805048682875613,0.11401013170120652,0.013327096268687104,0.056326596405401545,0.008767998293073575,0.08125156021209123,0.013538824649060954,0.04129729935326304,0.6436754444343404
180,"breathing,headache,nausea","floral,fresh",0.029138443521685462,0.091436535827354,0.011738266911354982,0.10699028840988485,0.0384164157073036,0.05585510090252876,0.03706186164358038,0.11517754424574382,0.5141855428305641
181,"breathing,sinus","fresh,woody",0.01022606741942053,0.04771003348188017,0.07835301829984072,0.09843589787974774,0.0545421803359482,0.08342552075703083,0.09854202449437682,0.023128348521847773,0.5056369088099071
182,,citrus,0.10562977977616508,0.061038454348187526,0.06977507232671416,0.022722580863047077,0.02866785911725842,0.031488801969828534,0.06679361308915836,0.015374994071990672,0.5985088444376502
183,"breathing,headache",fresh,0.08571206771486513,0.05154401737014232,0.029729891721394095,0.026435702019087574,0.0330823225829597,0.10196986566804805,0.040649969285063384,0.047979517225272696,0.5828966464131671
184,"headache,breathing,nausea",citrus,0.008192387234092498,0.05860155984601169,0.05722197272414549,0.07874713424242809,0.090354346094669,0.0875115214577534,0.02623487316429288,0.07738295302456319,0.5157532522120437
185,"headache,breathing","fresh,woody,citrus",0.058263502531135616,0.019082998963170554,0.04308983184594434,0.04124240886511728,0.07368251105346019,0.0833387367021013,0.06954123445820792,0.07850083063792139,0.5332579449429413
186,,"fresh,woody",0.033627026878045994,0.08558333231093425,0.09216534453683793,0.06608470569280883,0.021461870957913926,0.02260165163183966,0.038422710981509914,0.08546088475900988,0.5545924722510996
187,,"sweet,fresh,floral",0.0820406172095324,0.0973192109477526,0.041201243985907944,0.057377016097591806,0.02526895073508147,0.0383331046343602,0.04142207119393827,0.04431786473928039,0.572719920456555
188,"headache,sinus","floral,woody,sweet",0.06273098663508757,0.10429230401653075,0.03729811024122966,0.04150378020254169,0.018157120136480676,0.0530716560588441,0.09664883958545062,0.0898851673383669,0.49641203578546805
189,nausea,"citrus,sweet",0.026298002487021625,0.08860144631040445,0.08062882935868483,0.05672673093141977,0.045934375467539215,0.09265913762928779,0.09200688180949174,0.034405403273889495,0.4827391927322611
190,nausea,sweet,0.04188394007546784,0.051983705357304746,0.08905697972214473,0.028983195854471375,0.0488748723253849,0.08828673001955234,0.02771942367301077,0.034794461056549694,0.5884166919161137
191,"breathing,nausea,sinus",woody,0.07247612055501856,0.01420101968611188,0.08699028527978458,0.049554624743441335,0.013216943136313643,0.04847186825954726,0.049461964333600665,0.09684414317885184,0.5687830308273303
192,"sinus,nausea,headache","floral,fresh,woody",0.08814991596216183,0.04476656160923921,0.039278156017278305,0.09555770504737393,0.0803553756570392,0.007691213791643675,0.06973126956838552,0.030762776067231372,0.543707026279647
193,,floral,0.10353322857280253,0.052444635759385426,0.02698963534088536,0.03242559008784531,0.07997597179749673,0.07778462111121118,0.034483148033585154,0.07106490127066663,0.5212982680261217
194,"headache,skin","woody,floral,citrus",0.06100313847287855,0.02873599349133114,0.011447730001333983,0.10573206507264613,0.0711822201083679,0.04470534367047346,0.09236623940788276,0.0584402928555371,0.5263869769195489
195,nausea,"citrus,floral",0.09655378496732174,0.023071600239557847,0.039002593230428095,0.09176372238908334,0.07885290860441595,0.084582893800706,0.0416271017143479,0.03435850594588314,0.510186889108256
196,"sinus,nausea,breathing","fresh,woody",0.05750962155280141,0.06762055322232342,0.04420947439502983,0.03824606960320646,0.010283475682090674,0.022591393963396367,0.08516696452855911,0.07954765033409004,0.5948247967185026
197,"sinus,nausea","sweet,woody",0.03243060785344728,0.10826508993031553,0.03925190950088487,0.015349333280477703,0.08570522505115993,0.055978672585060216,0.07301424167460037,0.07347593130356901,0.5165289888204851
198,"breathing,skin,nausea","sweet,citrus,fresh",0.09498718857222829,0.007983936198573675,0.0994698490806844,0.04371828547618821,0.10109220871573994,0.05801447017992665,0.06412725180039118,0.028985457076791572,0.5016213528994761
199,"nausea,headache",woody,0.04618790925644035,0.028247726937086784,0.057010790688001994,0.09250013858998359,0.04584313242443959,0.050113092789668884,0.06286080769159111,0.0870504775275056,0.5301859240952821
200,,"woody,sweet,citrus",0.06159208923245669,0.05150407145882336,0.07010312737029109,0.08153935148108689,0.07541602382819299,0.09063961798950637,0.03320466655290883,0.08572926940038168,0.4502717826863521
201,"breathing,headache","floral,citrus",0.030995824021032896,0.036452561507350816,0.09439281625834034,0.0739038327902449,0.07646421091220061,0.03826421206718644,0.06576699149091678,0.09443200232381159,0.4893275486289156
202,breathing,"citrus,sweet",0.03267797771218762,0.010345857753585644,0.08126207011319876,0.12304317404989501,0.025684538097807495,0.023294075347830505,0.028598748760493033,0.11282569728697729,0.5622678608780246
203,"skin,nausea,headache","citrus,fresh,floral",0.03394324763046563,0.10165094374450057,0.09198385572698725,0.04538622541423487,0.011852743276323395,0.02095682992614583,0.022718953526048066,0.0810203564126145,0.59048684434268
204,breathing,"citrus,fresh,sweet",0.06163117500537692,0.06762342984728435,0.0249217909429876,0.026908413560006325,0.047534551663865894,0.058551908846962646,0.0885917128924917,0.01582961636069777,0.6084074008803267
205,"breathing,nausea",citrus,0.054293601090292236,0.08984946357677913,0.019500106783712636,0.06897184600599572,0.02317417327599932,0.014233975244256295,0.07340442654381385,0.02815889377313996,0.628413513706011
206,,"floral,woody,fresh",0.11895910073712482,0.07121224499618689,0.06587993734143321,0.014721519881021314,0.07852610798117707,0.015347358309733895,0.036764410636904166,0.10196842851745885,0.4966208915989597
207,"sinus,nausea",floral,0.0678721345032563,0.03860917116624219,0.06717229388490467,0.03712157351117183,0.050166380108041066,0.0797246567254137,0.049019235180783,0.04012533084042656,0.5701892240797607
208,"headache,nausea,sinus","fresh,floral",0.0918805673198915,0.07930263130515713,0.09546007789784715,0.05251146271150501,0.01521004965259993,0.05887057364123846,0.025585333648597306,0.10574529536318045,0.47543400845998307
209,"nausea,sinus",fresh,0.016472079286217575,0.10280286691697273,0.09517486170107682,0.0287484978481049,0.04614641078068925,0.07813674065453854,0.029227348442484265,0.042757942377459536,0.5605332519924564
210,"breathing,sinus,skin",woody,0.06048065761557623,0.10126046115074375,0.02631117655210763,0.03148773772116624,0.08094819767399784,0.10373180034199248,0.10684811123946303,0.019577996797101673,0.4693538609078511
211,nausea,"citrus,sweet,woody",0.07707222620835727,0.017552838174865366,0.044844904032019635,0.044683167409261634,0.04271304824956042,0.09396623175368392,0.03030267358494684,0.10527458046888907,0.543590330118416
212,,"citrus,fresh,sweet",0.06876750702399717,0.0710233926090237,0.02673752859235121,0.08893895177334969,0.040517057922797785,0.057476052829956645,0.0871684423906112,0.0595501980437705,0.4998208688141421
213,"skin,nausea",floral,0.06156243999931274,0.07800702696228969,0.049500054599683485,0.07968345815212344,0.03858190672311971,0.031685122346826924,0.02400229222561691,0.08129386115772137,0.5556838378333058
214,"breathing,nausea","citrus,sweet",0.053594604619584825,0.06028557436166775,0.06621342626491578,0.01487579880593407,0.07401463740747746,0.09134757456569284,0.0908375671700056,0.061098672522651803,0.4877321442820699
215,,"citrus,fresh,woody",0.09563785658521529,0.0866200637147528,0.047340810393035865,0.10073124465544249,0.04736896334162663,0.018317863492295434,0.0927837782720934,0.08000135664559202,0.43119806289994617
216,,"floral,woody,citrus",0.043173832884616604,0.013123916755250323,0.04431515992744247,0.10083739713067748,0.055593604371682384,0.09204789667913087,0.018569826359231902,0.05799277262070846,0.5743455932712594
217,"breathing,headache,skin","woody,citrus",0.06044487243679241,0.08567971859547967,0.1135397256160891,0.05703611962718903,0.060820479412946216,0.04569213550902765,0.05209296093198587,0.033332317366062555,0.4913616705044274
218,nausea,fresh,0.09279176732229813,0.05450591693131485,0.08767407354263011,0.03671718356386293,0.05064517733785603,0.026928800565056026,0.03597745281090234,0.09648385237432494,0.5182757755517546
219,"sinus,skin",woody,0.04278824792284003,0.04687220396687617,0.018730438827882653,0.10611696592412993,0.047752322288389985,0.07021298187367746,0.030343797930665783,0.04115268479863764,0.5960303564669004
220,"skin,nausea,breathing","sweet,fresh",0.09760569187647634,0.04506322532566373,0.06838450095712464,0.07204908083675737,0.04644589339646396,0.07211546362606336,0.06646763936466812,0.015288928467368526,0.516579576149414
221,,sweet,0.05992940942968076,0.011073909305781272,0.06400008509082093,0.053542820107861135,0.08729636168281155,0.0508586388087633,0.02797052958678142,0.07229703868359669,0.573031207303903
222,"nausea,skin,sinus",fresh,0.036119644950034724,0.046078326113521896,0.05140462503504238,0.01094326269264153,0.07394356710789342,0.04697688567229816,0.09911992131329996,0.020523550721409798,0.6148902163938581
223,headache,"fresh,woody",0.049873634042947985,0.04619926184585605,0.011324225397044134,0.0399282603164914,0.11915279358641877,0.018375158590236296,0.12181943060411461,0.010218523633227106,0.5831087119836637
224,"headache,nausea","citrus,floral,woody",0.060781185526547495,0.05692916757604903,0.047409832666677254,0.038341137848908115,0.018528735877681893,0.0581730621349898,0.09043853193591489,0.08172063111830097,0.5476777153149305
225,,"sweet,citrus",0.025195695509316756,0.09166075575796534,0.07487727410604082,0.028446809756375927,0.102986771644483,0.02284569754179522,0.011833967271966993,0.09211920599663016,0.5500338224154258
226,sinus,"woody,floral",0.04848503201532381,0.01647752566864151,0.0739296274073222,0.030060196098076933,0.05826918526603369,0.06643970229626672,0.09391006529933157,0.09875102883911527,0.5136776371098883
227,"nausea,breathing,sinus",sweet,0.034715376508748994,0.09516777903458996,0.016612952184778283,0.026823780740719342,0.05931611786532422,0.07976150170969214,0.04551373460106772,0.09632786944544518,0.5457608879096342
228,"breathing,skin,sinus","citrus,floral",0.052007609136997555,0.07077732676873584,0.050798140021701944,0.05369004608230006,0.08433411049530205,0.07532994378335825,0.0873885577083023,0.027474069249804996,0.4982001967534969
229,"skin,nausea","sweet,floral",0.07301424979364794,0.02092776259303434,0.11374892527879775,0.052787893871163165,0.027675040490420622,0.01649618112382939,0.06518314167725973,0.03068225477011221,0.5994845504017349
230,"breathing,nausea,headache","woody,citrus,fresh",0.12519760030037583,0.05123837621267553,0.01717156040863548,0.04319613296024002,0.018379410148556624,0.08937184236138873,0.08568403582817562,0.029567678223175273,0.5401933635567768
231,"headache,skin,sinus","floral,sweet,woody",0.05942385122515857,0.0992220965342084,0.010157013951835624,0.06315804708013284,0.020768273192784736,0.1020154436919226,0.042258380637486,0.06460990951199254,0.5383869841744787
232,headache,"fresh,citrus,sweet",0.07871433417010841,0.0363227322308698,0.019475113404889326,0.06149978478232767,0.017035582478893627,0.014557289931110641,0.11282844062317755,0.059192046095477506,0.6003746762831454
233,headache,sweet,0.09724499399136662,0.05824917786382975,0.07226074036593215,0.08597462841903654,0.012657262370349974,0.04296929455538034,0.09069592194440565,0.06810717499225222,0.4718408054974468
234,headache,"woody,fresh,sweet",0.1105883292514154,0.09463333797300066,0.036417497677422556,0.01545592346607285,0.0308774269102441,0.030724601892183363,0.07491586258976918,0.052974727283556663,0.5534122929563352
235,,woody,0.109994940700022,0.0686397280374178,0.02863326422918799,0.05155409442076272,0.0811397275429834,0.06394500005790235,0.01893777849741965,0.019232734560721037,0.557922731953583
236,,fresh,0.05382594306924154,0.11148161610668168,0.04715992911549639,0.06462485145710874,0.06843288600774203,0.07164494470488046,0.05888321537441708,0.059010725383370356,0.46493588878106173
237,"breathing,nausea","sweet,fresh",0.051885703194348445,0.11541168085437613,0.09786538267940273,0.027898594798752473,0.0232247134184306,0.03747402022160613,0.10431630113256768,0.010293950746411274,0.5316296529541046
238,,"fresh,woody",0.010243719767117717,0.07612213882926688,0.029843309902113372,0.0368627282545869,0.05379316147526764,0.0893694424327054,0.09764716578474546,0.06731867397062198,0.5387996595835747
239,sinus,"citrus,woody,sweet",0.06311783472697234,0.07665301517275361,0.03731038217197284,0.07942202676430582,0.017792882861865714,0.03884756806857499,0.06106809724604612,0.0851933386886569,0.5405948542988516
240,,"citrus,sweet",0.07191645910270618,0.06322215185061247,0.022033922272463844,0.030572704779278197,0.08924899821085823,0.08168732544722765,0.06298014542183174,0.060664934350788985,0.5176733585642328
241,"skin,headache","fresh,citrus,floral",0.10293913669084498,0.043613762719849396,0.028428414886428728,0.019589404500641734,0.10308935279897401,0.013771051080506228,0.06414977685685357,0.10373945141843688,0.5206796490474644
242,,"floral,woody,fresh",0.02659670432700565,0.06666418521059508,0.008709196965937952,0.06623719188217246,0.0859033650604898,0.07133176876313817,0.06626605152531984,0.06620744158479613,0.542084094680545
243,nausea,woody,0.11091376805090365,0.017307275020074366,0.05188962837529316,0.030479458928255855,0.06577317222422738,0.0958305488152302,0.03794406315485172,0.03938347632316536,0.5504786091079983
244,breathing,"fresh,floral,woody",0.0547176809042214,0.031594389559850306,0.01975804152969731,0.0631412252432833,0.06093058816373132,0.029150222159020047,0.06297932418114117,0.05796788038377103,0.6197606478752842
245,"nausea,headache",woody,0.026950171464144728,0.0753074386447809,0.10397030546332722,0.08086913283391227,0.01833280287019532,0.12321007624514504,0.04081266849251501,0.015263296983218438,0.5152841070027612
246,,floral,0.11969880988716616,0.014175469273485307,0.05455493068193052,0.05534706722263878,0.04474387986343955,0.04366129469420445,0.028852332224403723,0.10194745266959283,0.5370187634831387
247,"sinus,headache,breathing","woody,sweet",0.079889485290283,0.06714461491236626,0.09478758994136106,0.05838374029004502,0.061924160218761105,0.013500728516669157,0.10146923831577351,0.0683128595540586,0.4545875829606823
248,"breathing,nausea,skin",citrus,0.07346568730887933,0.05218724820404062,0.07377605297572536,0.08025827550595101,0.03646153891785313,0.018319899754098083,0.09604189446901784,0.05550851283988721,0.5139808900245475
249,"nausea,skin","woody,sweet",0.11654274261707435,0.036898997375749414,0.0841172148716622,0.05700004976484484,0.06476539371090786,0.07470951133590376,0.011003953088089729,0.024029763752886676,0.5309323734828811
250,,citrus,0.10651942368578847,0.03805921136737718,0.0856556739592639,0.0649838915551062,0.10379333076587736,0.08668549523457528,0.05365815125615892,0.022261161652560098,0.43838366052329264
251,"headache,skin,sinus","woody,sweet,floral",0.04923648936923666,0.06409063256755705,0.09390099717184949,0.0610781415517611,0.0899165555927702,0.07196247786511017,0.07635899211848442,0.01750404160050746,0.47595167216272344
252,"nausea,breathing,sinus",fresh,0.0400019525452447,0.029673889419817166,0.017474877638500603,0.01075903426972875,0.022192227743271436,0.015044953437184833,0.03455667115792881,0.127310391640468,0.7029860021478557
253,headache,sweet,0.05594501119891752,0.06774072055083932,0.0750338138697371,0.03473406516727074,0.029084531987299846,0.016719791385420544,0.06148925015768382,0.1094711802399585,0.5497816354428727
254,,"fresh,woody",0.08612518786861785,0.04065011472809292,0.025503410465711383,0.08690207281056722,0.09152883590631841,0.03278856494319598,0.04969275408115939,0.08262764122399618,0.5041814179723406
255,"sinus,nausea,headache",fresh,0.09139501068792845,0.06503104964471633,0.06912658131853962,0.07894367252098974,0.03512868941582164,0.07780335116684153,0.05083983561143411,0.07199652145712952,0.4597352881765991
256,"skin,nausea","citrus,woody",0.07760329360068537,0.09940077486078547,0.07814942449580271,0.06203917913296269,0.057430906826387185,0.05756898262548683,0.021763525405422878,0.061250030533861,0.48479388251860583
257,"skin,nausea",woody,0.10511482256043109,0.04785485356703197,0.06801086153697392,0.0540194496774673,0.06831885134495942,0.08607379937896228,0.035690054262007664,0.08328293591572901,0.45163437175643734
258,"sinus,skin,headache",floral,0.027734553300456332,0.0637625409327304,0.06931180333421638,0.08527122715644725,0.03069551698879335,0.03771898655525014,0.0732129783072634,0.10040028779104852,0.5118921056337943
259,"headache,skin,breathing","fresh,citrus",0.042196249234179244,0.011585556215889789,0.05416114097175258,0.058683540346954596,0.04664282443496699,0.10184845836671892,0.09542732825486185,0.03407297335109782,0.5553819288235783
260,"nausea,breathing",fresh,0.04603809308805151,0.05643882804368828,0.07977590598390033,0.013381373547970097,0.04986775801756883,0.07328643420344423,0.07399401469998136,0.07774959493347598,0.5294679974819194
261,,"fresh,floral",0.04444005714362043,0.010885987681428896,0.01266295078273921,0.056299747526180964,0.05427175854903803,0.055824166478263125,0.09355846533075615,0.03476553033242954,0.6372913361755436
262,,"woody,fresh,citrus",0.08480414070108085,0.04218868836496255,0.10017514691193806,0.02624889191418264,0.05438334815306448,0.05885598213268014,0.053659661537006235,0.06723119686394152,0.5124529434211436
263,"sinus,breathing","sweet,woody",0.06469606508788367,0.10204949412494788,0.030834473468522562,0.0599734228190895,0.06406035999146843,0.02689682196104756,0.09997127681824408,0.009948764074639993,0.5415693216541563
264,"nausea,skin,breathing","citrus,fresh,floral",0.01452869705476297,0.049950204416617565,0.09144113200295527,0.0739029532831968,0.058630786371264176,0.05749507330063095,0.05334015006966826,0.0821189567382006,0.5185920467627034
265,,"floral,citrus,woody",0.07397855170950943,0.03768291452985392,0.03931661873166388,0.09594125161193834,0.0475466552686713,0.01184597738338544,0.06737594056527411,0.06920898874645988,0.5571031014532437
266,,"fresh,floral,sweet",0.02268553435872201,0.08124214997800952,0.0774350594611661,0.0728565452376888,0.061746253501800796,0.030016930642655773,0.08161623719361129,0.08584707516432809,0.4865542144620177
267,"skin,nausea,breathing",citrus,0.06483489646468223,0.02320501411257219,0.08748938861445571,0.01149899006794918,0.0801430515833537,0.10578713309395386,0.0414817425861945,0.023023235622891654,0.5625365478539469
268,breathing,"fresh,citrus,sweet",0.09192689688524376,0.08165098327208405,0.04194130070729026,0.011048345972026176,0.07261252565089907,0.008522452786196354,0.06664032253167938,0.08631910315020414,0.5393380690443768
269,"breathing,headache",floral,0.01811204391038356,0.07841470605118347,0.058486968047676766,0.04993826080879303,0.08471346789935971,0.06341187226027403,0.07460148091368841,0.06150911640318062,0.5108120837054604
270,"headache,nausea,sinus","citrus,woody",0.026554507255529748,0.059158326115504416,0.052915771165919355,0.0671347382157151,0.033463879976547636,0.10363154686067926,0.08821608715553839,0.08128316151463535,0.48764198173993073
271,"nausea,headache","sweet,woody,citrus",0.05709535506738171,0.07031301473987953,0.1017202618721456,0.01996226830847051,0.01012167962235922,0.06156179850481501,0.08670388184246698,0.08141262037909308,0.5111091196633883
272,,floral,0.06759725910784613,0.025851852237170875,0.09724203192909117,0.09909952865431543,0.06834096647675715,0.08866092069601694,0.09625189959066968,0.035205784324919144,0.42174975698321343
273,nausea,"floral,citrus",0.012640806304083466,0.029928775809605245,0.08268610737738438,0.06696251970914374,0.06200447634437364,0.015794677863912414,0.06237812801119165,0.107000782065033,0.5606037265152723
274,,"sweet,citrus",0.053455183027286635,0.09091452545076215,0.08640710020757002,0.08110645735100942,0.034320519977813206,0.05940208797988728,0.03325521676038238,0.08920256302141034,0.4719363462238785
275,"sinus,breathing",citrus,0.08755424968859418,0.0868546752990598,0.016929278827166664,0.08550514404659872,0.0093905003665498,0.056519480723777306,0.0776519347092617,0.06808050138436217,0.5115142349546297
276,,"woody,fresh",0.07047967934657262,0.09829415841319342,0.08622265155592959,0.011040283155172232,0.06196058275878296,0.0179121096692206,0.08702792348554295,0.057368044489446095,0.5096945671261396
277,sinus,"citrus,fresh",0.019852501428026855,0.08648968698035285,0.05284059913017035,0.10140214282925615,0.040882422095151624,0.017891757475376562,0.03702306249360577,0.028348425766440425,0.6152694018016195
278,,"sweet,fresh",0.06342312161295802,0.014305036797342286,0.011785609420591567,0.08979496423963804,0.09309754699164205,0.07833516889109743,0.037109444166896925,0.04356037082466834,0.5685887370551653
279,breathing,woody,0.04913934837094356,0.015147852059653846,0.05203612184615995,0.055364322699523696,0.010967077034700306,0.049430972211183095,0.0435009028805143,0.12641180712485953,0.5980015957724618
280,breathing,"woody,floral,sweet",0.040205694983909114,0.06051396542778058,0.05841523345215412,0.05763854384537007,0.05597156384093381,0.11094144360015301,0.02003853734427945,0.026244113859406504,0.5700309036460133
281,"skin,nausea,breathing","woody,citrus,fresh",0.0849281798916571,0.014574866927612225,0.06254692457036412,0.08318189826825091,0.05402947356759303,0.09119326129579979,0.07421052346643325,0.03182268150976787,0.5035121905025217
282,sinus,"sweet,woody",0.08046303109087911,0.09164886412141002,0.08183756009677895,0.08627663213484656,0.030169697827166886,0.048790083034444764,0.008549846723057817,0.07371216548007332,0.49855211949134254
283,"skin,breathing","sweet,floral",0.10457395224420042,0.053538523784776804,0.04499019439109182,0.048741415214793915,0.04290732735065477,0.07590910962985584,0.05541254627999952,0.008542616238433108,0.5653843148661938
284,"headache,breathing,skin",floral,0.057311063895946146,0.04028341393877021,0.08519468658728768,0.0994204516690383,0.038745149822566084,0.10339867395429786,0.06619672499205728,0.008993063663475935,0.5004567714765604
285,,floral,0.09169771157387696,0.09597914372572364,0.08231486411980943,0.012442679538828636,0.05596747536883334,0.034739917053025045,0.03660163921546651,0.061343697322417,0.5289128720820194
286,"breathing,headache,skin","floral,citrus",0.053557002341833346,0.08461045290731495,0.03750731704317558,0.07963719522909099,0.08122454366377667,0.03315267080572327,0.0486982263871054,0.04732884825202639,0.5342837433699535
287,"breathing,sinus","floral,sweet",0.11217833555864402,0.03984136196883136,0.06357920799034521,0.01860517225778701,0.04260819370154119,0.06776443389652766,0.048629181611462964,0.060196164581522514,0.546597948433338
288,,"floral,woody,citrus",0.06445033046089234,0.0768216728007295,0.07530486542412305,0.05596706655770199,0.07859918264946629,0.052484491727495294,0.08422728943697096,0.032991224887829976,0.4791538760547906
289,,"woody,floral,sweet",0.06492285545653749,0.07683275184405337,0.021748691092687924,0.05006598924175607,0.04747578471045544,0.058898015450617895,0.08107180182604179,0.10008249210228996,0.49890161827556
290,"headache,skin","floral,citrus,sweet",0.017772681403900866,0.0703735122964896,0.03430846903254177,0.11825549265710883,0.048656201089901076,0.03342342482186778,0.024710702810172798,0.044590290112619065,0.6079092257753982
291,"breathing,headache,sinus","fresh,citrus",0.05427365740368178,0.09847163761320657,0.06055287970694299,0.0382166550545343,0.08636631025804041,0.07492864326792906,0.06583216585753178,0.05299788085623391,0.4683601699818993
292,breathing,"fresh,sweet,woody",0.022439805346589545,0.03693493012018588,0.025562067643803546,0.04653824696149707,0.079957740062602,0.03783436687300401,0.04736187173469402,0.009736363093641533,0.6936346081639825
293,"nausea,skin,sinus",woody,0.06935723282824706,0.07660972909602,0.08560236545729638,0.054413802119689776,0.04386941006636349,0.0396958252401165,0.05054998149394004,0.08742344783825588,0.4924782058600708
294,,woody,0.09055866023833246,0.03634474837588015,0.10951765454106173,0.10313378673417363,0.03283323800817043,0.0812802961590152,0.02016261157693632,0.0357512755124965,0.4904177288539335
295,nausea,"floral,fresh",0.11737832533707908,0.01880042914326788,0.07732484891809134,0.0225420800344129,0.09303879646955893,0.060238012062899214,0.013564702774562022,0.03634101150804691,0.5607717937520817
296,"nausea,headache,sinus","floral,citrus,fresh",0.10475696939851502,0.049410473754970895,0.03404749750080335,0.04727522376031232,0.10130233805770276,0.07948806189032896,0.10213866794268474,0.01887906546526147,0.4627017022294204
297,"headache,breathing,skin",floral,0.03173312994672326,0.09144649426563539,0.0921729296796548,0.069288788253289,0.08753097690116082,0.02595424939828108,0.050311621874298426,0.07181163355390666,0.4797501761270506
298,"nausea,sinus","fresh,sweet",0.030149124371195983,0.07561525212349589,0.02335617518736561,0.08054264121901966,0.08603626920839166,0.08645100294628155,0.04933338523835364,0.058440986552521085,0.5100751631533749
299,sinus,"floral,fresh",0.09639770479557368,0.019490682654638256,0.018324066670106547,0.033623767782683944,0.033578045273513255,0.09314225667733447,0.11187219180219693,0.053286502750266626,0.5402847815936862
300,,"sweet,citrus",0.09563575034775491,0.020273453257230303,0.08158284062443986,0.012638411240932445,0.0997112833700829,0.09293329603865123,0.02709779876060142,0.030730762844034868,0.5393964035162719
301,,"citrus,woody",0.0969400172554577,0.0636854006141897,0.0872529742153078,0.11083945328745932,0.07870605840536213,0.056101379785188844,0.025703827801060734,0.012990744658996316,0.46778014397697737
302,"sinus,headache","fresh,floral,citrus",0.1084007292853817,0.055481945892885055,0.07091623394677456,0.04229301873513736,0.042822057983722885,0.08175781143065225,0.026503915514062185,0.05431383425310727,0.5175104529582767
303,"sinus,skin,nausea","fresh,floral,citrus",0.07546622169213595,0.05870329835280189,0.0341540376344403,0.03975368059840456,0.10929816015802271,0.05266665272499446,0.014051797328927028,0.04764516714190388,0.5682609843683692
304,"skin,sinus",woody,0.05629036048194226,0.07113803333152736,0.08653609424274836,0.06629554331044189,0.04837343337402475,0.06723565143114331,0.08079554960333177,0.07294994596082041,0.45038538826401997
305,"sinus,nausea",floral,0.062153178983562034,0.057218161001715756,0.08501693899167212,0.03276832369921644,0.1076263418622524,0.07754678944238695,0.03511599111130843,0.06321006390169784,0.47934421100618807
306,"headache,skin","citrus,floral",0.03363861014105889,0.03824944909796303,0.06262924937807073,0.07199778576521214,0.05218881794281067,0.04684179921442926,0.0581499364230603,0.06142627848625585,0.5748780735511391
307,,floral,0.02951931437299489,0.03578090589643687,0.01255991028038835,0.10241666840508357,0.08865278929264853,0.08221522475843482,0.10316983126912614,0.03811809195085019,0.5075672637740366
308,"breathing,headache",fresh,0.09565605800691863,0.055188473997240126,0.09069652043438003,0.07603902722342402,0.031781505067449464,0.035332402462638746,0.07303109866049719,0.05900989562746834,0.48326501851998344
309,sinus,"sweet,woody",0.025092563985318686,0.038633978198497315,0.07196748956127129,0.019771122369510265,0.1000539420349968,0.08519637942933363,0.09619020912957343,0.02853656270117956,0.534557752590319
310,breathing,"sweet,woody",0.03517458986737257,0.047703690215258464,0.06199768507816159,0.07865783988277819,0.09643357732923233,0.07609600931819145,0.08410103171725143,0.054891859240726565,0.46494371735102735
311,sinus,"sweet,floral",0.102428423085354,0.018730526673219564,0.04623250383214657,0.07734782484221488,0.099779303267583,0.09896415327943756,0.015186765217790632,0.07232756643334472,0.46900293336890914
312,"nausea,breathing,headache",woody,0.06080892455812911,0.02158339299782456,0.06839379479417768,0.05146875014876227,0.06771283405879908,0.040823105508512494,0.0578238703683181,0.025540641387498002,0.6058446861779787
313,breathing,"fresh,woody,floral",0.050568047319398304,0.033481558474544926,0.08664430978740043,0.025245422791453125,0.05296571932673878,0.08755485885390225,0.09660838100655643,0.09551642110317157,0.47141528133683414
314,"sinus,breathing","sweet,woody,fresh",0.02415215439656955,0.07059504044274856,0.10252880461029061,0.04636592774260211,0.04985116295748157,0.013445604553739337,0.08111078361646885,0.03968616214654417,0.5722643595335551
315,"breathing,nausea",fresh,0.029237707901897326,0.10053599103803258,0.10215306151107306,0.06452306454960201,0.04527007303590643,0.01927237920283582,0.03931668914857918,0.013295415738619091,0.5863956178734545
316,"headache,skin",floral,0.0929478476502837,0.06184991424597013,0.010582965905547326,0.020286707913881385,0.06811567554526672,0.07607135024362667,0.10220473852403122,0.047877816731984164,0.5200629832394087
317,sinus,sweet,0.09898793992691103,0.03371900681142037,0.05408581491070868,0.0534402434396685,0.031068984182277236,0.10789849863930488,0.021365229421687972,0.1048996210846851,0.49453466158333614
318,,"fresh,floral,citrus",0.03314133488178609,0.02160218137894137,0.09216588161923384,0.07190406550636917,0.02149209453080692,0.06782647601239798,0.10891519488818838,0.053396252134800364,0.5295565190474759
319,"nausea,headache","floral,fresh,citrus",0.008134685192565242,0.08740042104794557,0.016514120467729126,0.028052897026503733,0.09062043945612108,0.08177035113607786,0.05349177405869532,0.10125404936576007,0.532761262248602
320,"breathing,sinus,skin",woody,0.015490910924125125,0.012813104405978108,0.042732474721175424,0.04485375922683107,0.08622041872812355,0.042771948098797766,0.10254733791541414,0.11697662404039015,0.5355934219391646
321,"nausea,headache","fresh,citrus",0.03331061682531517,0.0725281038756214,0.08012613393147358,0.10850884387269531,0.025941956566665085,0.03217884624975536,0.07138152917786289,0.02429741285296799,0.5517265566476433
322,"headache,skin","sweet,citrus,fresh",0.0760355418550466,0.0869576575490127,0.05122548954980083,0.09064705730626248,0.06361392050270559,0.08658775961745892,0.09704799440401085,0.0300403264229275,0.4178442527927746
323,,"floral,sweet",0.022503932870282427,0.09191642005218899,0.011025435120794031,0.07252404780745798,0.06474618796556342,0.04965360036485001,0.06687931481505602,0.08130508358802273,0.5394459774157844
324,,"sweet,citrus,fresh",0.032017466633823585,0.08431461874568068,0.08148936132423223,0.06467684063193425,0.0485380985365513,0.10092303816468144,0.03652029090473696,0.06551430712849299,0.48600597792986655
325,,floral,0.04585041520898475,0.0768113171477607,0.08495723770132303,0.08230555173873773,0.06077489271595386,0.08259430089900792,0.06841330992160188,0.07686387713930691,0.4214290975273232
326,,"citrus,woody,sweet",0.02331181018719035,0.010517732531359883,0.09204678353960638,0.0482213115274227,0.07750202661392283,0.04721406044428434,0.10236167569313454,0.05686352920144963,0.5419610702616294
327,,"sweet,woody,floral",0.028344096822012214,0.05621275066100215,0.08994783170933242,0.09139654613830951,0.02740773192601161,0.07307206109557114,0.015417497351661504,0.06697693778457711,0.5512245465115223
328,nausea,"floral,fresh,sweet",0.07525234750543103,0.02342288584798722,0.10569379397980982,0.05984285584860403,0.09702064732350987,0.02844616395668772,0.031066141351412013,0.042896585461777804,0.5363585787247805
329,"skin,breathing","fresh,sweet",0.09977131898501923,0.03582405128771714,0.06462099456855849,0.08962873085359849,0.010390739412529326,0.0552819119017608,0.07132141931407085,0.09215671058908226,0.48100412308766344
330,"nausea,breathing","woody,fresh",0.08239744244289404,0.05223160964869286,0.08449781551670273,0.07308677557417073,0.07683770796299864,0.03353086423619501,0.1010789291768095,0.05581184157493943,0.440527013866597
331,,"fresh,woody,sweet",0.03833224279178959,0.06224631157008625,0.039264894430491804,0.09612511754912059,0.07613750169152315,0.016743323761758456,0.0843939231510217,0.008388552585538384,0.5783681324686701
332,"headache,sinus",sweet,0.04406518003835975,0.07852049313125785,0.07158276656410302,0.04934990069981351,0.06293096786679803,0.06554808845378586,0.013466534532168412,0.0736521639080459,0.5408839048056677
333,"sinus,breathing,nausea",citrus,0.00975101806172313,0.05808310587703931,0.054770251035941846,0.05541385085726663,0.03658300972613871,0.08876201917149235,0.11411108559614747,0.0732695219513911,0.5092561377228594
334,,sweet,0.04103578951616306,0.011639491591466553,0.0675991732379277,0.04506301107289568,0.02947713856684413,0.0856281245129246,0.031648614925732885,0.10541988351852591,0.5824887730575194
335,,citrus,0.0654901069518073,0.07054221519037342,0.08831666094570932,0.09074353511771151,0.08694193866156986,0.013499370378537375,0.03845283518704193,0.0567101621910795,0.48930317537616974
336,"breathing,skin","citrus,sweet",0.0109041748179048,0.034737884964650946,0.1044066654758099,0.05033723807801406,0.03797147947435072,0.03105381948484895,0.08752373897292494,0.0868898034290272,0.5561751953024685
337,"skin,sinus,headache","floral,sweet",0.011348039312958389,0.011299034297883481,0.059749695750010635,0.04405517760277388,0.07299358733715981,0.09194795177249641,0.1025233904036714,0.014597873157093415,0.5914852503659527
338,"sinus,breathing","woody,sweet",0.09608029480487962,0.0970787437422251,0.03417962266133373,0.07735033372534136,0.035927866431743324,0.0562595910550286,0.08092901213915057,0.025533123723691854,0.4966614117166058
339,,"citrus,floral",0.0912790697970023,0.09531884000783371,0.06492704800567062,0.02105834160803857,0.06986708434599706,0.09908450656436066,0.07980237293364952,0.06380598119918197,0.41485675553826556
340,"sinus,breathing,nausea",citrus,0.04852707985063395,0.08623345884535821,0.060847271931122625,0.09144945632424434,0.028573278083260174,0.08128002359108209,0.054895020167093855,0.05189150167413972,0.49630290953306494
341,,"woody,fresh,citrus",0.06356145471266439,0.0480322081321279,0.05678486614455169,0.10004487339340053,0.09318311850547642,0.09899888433181668,0.07469530039391412,0.06289164524513459,0.40180764914091366
342,,"citrus,woody",0.0943102307357842,0.08825388831482898,0.032245597093273286,0.09709271644378889,0.06231026937215454,0.09105058255840737,0.019753680199740886,0.035531216662595434,0.47945181861942643
343,headache,"sweet,woody,floral",0.029072362119959505,0.07620619048135019,0.03858719070112188,0.033356518129794586,0.021261386932523267,0.04655916193478702,0.09810868496273428,0.07138313784400227,0.585465366893727
344,"nausea,skin","citrus,woody",0.09720194143130158,0.019026968864959606,0.06509197098087018,0.04797848016780614,0.05571102680294489,0.09798901961269886,0.08886667944918271,0.028626616813471662,0.4995072958767644
345,"headache,breathing","citrus,sweet",0.10364624460821004,0.015253805261305636,0.0807786196944659,0.07626362564084047,0.04663126156714945,0.013226646969033747,0.02439074244393627,0.039188152346901726,0.6006209014681567
346,"sinus,breathing","fresh,citrus,woody",0.08139409176575788,0.028357425010933034,0.08515890561038919,0.10992802173514614,0.10666192393004073,0.02068020815157447,0.06634195626233384,0.024102085024035234,0.4773753825097895
347,"skin,headache","citrus,floral,sweet",0.04280822614296095,0.10573594316317038,0.06884777589478794,0.08869029856661383,0.06675727627357984,0.02052205519875435,0.05771595816830175,0.02819337503150684,0.5207290915603241
348,"nausea,skin",floral,0.010394089820365618,0.05188162715466417,0.011392815441440694,0.10062661264336263,0.03820042593646947,0.041988108957509214,0.11304425161654649,0.11192183819232258,0.5205502302373192
349,"breathing,nausea","woody,floral,citrus",0.0363869202931964,0.1017905437607165,0.06968221443869077,0.04686890980259621,0.08266939000536846,0.02981370142483506,0.0984317864357125,0.0754804646034037,0.45887606923548035
350,"sinus,skin,headache",fresh,0.03341412565107608,0.08841252155167881,0.09353307959673743,0.0807106466899055,0.04477039067291625,0.030450689492057495,0.07756720170548403,0.01893125177658885,0.5322100928635556
351,,woody,0.08257815463311427,0.10812350507937346,0.06501829595655118,0.08857471939048113,0.00887959131589739,0.028793220732981895,0.046680892937715886,0.029611225759514453,0.5417403941943703
352,"breathing,headache","citrus,fresh",0.09538645757953698,0.036653953320705514,0.0688766036364798,0.00731331877284429,0.09720528120628096,0.10205211953931809,0.10368852074350779,0.05367743380219993,0.4351463113991267
353,,"sweet,woody,citrus",0.053167760449367614,0.07879187331763375,0.0886716488004528,0.06746903198750534,0.008569087070416238,0.050568683238050006,0.09680312571116158,0.012091140863965373,0.5438676485614473
354,breathing,"citrus,floral,woody",0.02550686196739157,0.06204403762938733,0.06493791048914654,0.09074482276222957,0.01299870288071938,0.09490410669443415,0.04626715061503021,0.0863287464297331,0.5162676605319282
355,nausea,fresh,0.02620074014282615,0.07122055747084192,0.0302916974260048,0.01641095194564394,0.034201387442920825,0.10657444404917467,0.045614707811771286,0.10660717297434498,0.5628783407364715
356,breathing,floral,0.0130611445107784,0.09572804292689366,0.01365307283393848,0.07934303000548158,0.10316712897674458,0.08115083350724879,0.03655137554734657,0.009208129275852319,0.5681372424157156
357,,"floral,sweet",0.08968496868590144,0.0752300413091873,0.03259179439561976,0.08784435283468596,0.07815346119015296,0.08869299245308436,0.08498429595931245,0.08544124471437865,0.37737684845767716
358,"headache,breathing,skin","fresh,woody,citrus",0.02278286962440115,0.038091886376058835,0.06537229012119732,0.10266595706129161,0.06305781700079544,0.08401173460121476,0.03557148743439034,0.054658518045924455,0.5337874397347261
359,"nausea,sinus,breathing","fresh,floral",0.011523491336977634,0.03797315967565797,0.08123982701417058,0.06915876523240648,0.07145315267081041,0.01588081520627296,0.01732071701658672,0.023845786220500653,0.6716042856266166
360,"sinus,headache,nausea","woody,fresh",0.07700699635716363,0.06841537131207212,0.08693185426872534,0.0675300213565074,0.012608547334504132,0.08458333703507001,0.06129540779809545,0.051124735119962565,0.4905037294178993
361,"breathing,headache",fresh,0.10490890096598698,0.06400348256412412,0.013943146014067624,0.11037177986834823,0.020329056738909838,0.0721576286616641,0.014405193038213927,0.02279329873351221,0.577087513415173
362,,citrus,0.0439426635764581,0.032939659427761364,0.08677176763281326,0.025737143644197862,0.04370268382112333,0.0641882263998606,0.07774389288333478,0.10692520915742426,0.5180487534570264
363,"skin,sinus",citrus,0.008623609195863394,0.07348539829600952,0.026784194141533876,0.09117897805698945,0.00954281592622802,0.06542386033728781,0.047285246242327286,0.062246456833350325,0.6154294409704103
364,breathing,"fresh,floral",0.013500036063593502,0.06149644054882469,0.09983698159764028,0.009825922152781373,0.06175483776170116,0.04680512605301913,0.07012074655523481,0.09207382996442466,0.5445860793027804
365,breathing,floral,0.0438895782466353,0.0719877095164607,0.04833184006368168,0.03533084654612905,0.09772478183565908,0.06038239310347991,0.08732125065937255,0.03134749463892362,0.523684105389658
366,"headache,breathing","sweet,fresh",0.07659556955380782,0.04915078499524935,0.07223237551568433,0.07075072780447252,0.09132840159559613,0.08685433543599423,0.05616108510187093,0.07025981781680436,0.42666690218052034
367,"breathing,nausea","woody,sweet",0.010808804591568084,0.08341331291514316,0.10058705731842082,0.014045529582974753,0.1088378172572935,0.03897812813438387,0.023160558304387093,0.10984546234079202,0.5103233295550368
368,"headache,nausea,breathing","floral,woody,sweet",0.11206041974933616,0.02082275980794498,0.03559315199458206,0.02126707630098304,0.009487271111938866,0.10249672160447389,0.10318758124481217,0.04180109426655093,0.5532839239193779
369,"nausea,headache,sinus","floral,citrus",0.0388872085833091,0.09251274662351162,0.04372466719899787,0.08541185596418932,0.027267593481627807,0.06454946387082285,0.07344292523547659,0.07255793885093002,0.5016456001911348
370,"headache,sinus,skin","woody,fresh,citrus",0.10157894098019828,0.07242460558821022,0.08572979031322357,0.08637194150169449,0.0521827458261432,0.10046802950388202,0.008569290352328306,0.05016772231502122,0.44250693361929866
371,headache,"fresh,floral",0.03614899141069677,0.04439295515618965,0.08671741896752941,0.0876674692214262,0.09468569765137441,0.01598738027596562,0.03716276980942185,0.1091726653236124,0.4880646521837837
372,,"citrus,sweet",0.07435730742263419,0.07955383699568606,0.07160480073719522,0.07032548021236035,0.07753888916251032,0.01594814575343789,0.021380506580534784,0.10194856009017716,0.487342473045464
373,,sweet,0.06776665814212365,0.029166965937189142,0.0856843285538522,0.04302342112654209,0.09760081141721509,0.05563169262045954,0.0980690846154473,0.06828293981150305,0.45477409777566785
374,"breathing,nausea","fresh,citrus,floral",0.1052432097547766,0.018248122857597585,0.019730084476667208,0.09744157712897639,0.09409876882078058,0.057660074921593904,0.03612495813187149,0.04286158676185157,0.5285916171458848
375,"sinus,breathing,skin",sweet,0.0680994472821128,0.03258309873665559,0.06160494274733856,0.029276148235516563,0.09065722044644321,0.09583604906201398,0.05009177202852629,0.08681028380029253,0.48504103766110046
376,nausea,"sweet,citrus",0.040453469792678956,0.07536161390137358,0.01056011815492391,0.10231416054719877,0.10704613142670831,0.021575803406491328,0.07315629833763639,0.1071687152052855,0.46236368922770327
377,,"woody,floral,sweet",0.055352532469402214,0.05494635511398047,0.009006097867969418,0.01941891103606485,0.11485277275585228,0.07719962390152843,0.046706170724544575,0.02582386890279508,0.5966936672278627
378,,woody,0.06417346051535154,0.0734321404275603,0.07484975492171252,0.04121610421341459,0.06127129717787706,0.05368961647217095,0.053072877934291426,0.022589478438364712,0.555705269899257
379,"nausea,headache",fresh,0.061119217306920784,0.05770913113444203,0.07241470659452538,0.010152082831026471,0.06463308103470884,0.07638377859276514,0.0332915358205402,0.08805628316099727,0.5362401835240739
380,sinus,"floral,sweet,citrus",0.058196153015901066,0.05832685439649816,0.09783759588792157,0.02103230436873703,0.09108693293201435,0.09688645231633192,0.03840449733330361,0.04925599693877802,0.4889732128105142
381,,"citrus,floral,fresh",0.04301084569210919,0.11251973672510676,0.027788834532318403,0.1128645105271071,0.017982524990105043,0.018575845413281097,0.08214204808713034,0.07948561553132585,0.5056300385015163
382,,sweet,0.038164775266130865,0.08859064235562927,0.08751842001356026,0.07777543777947189,0.08672598837464132,0.03102069467264895,0.039285561847531576,0.08880891151534458,0.4621095681750413
383,,floral,0.007743377211562024,0.09439347921555136,0.07838585826208136,0.07081501746579223,0.08778500671067155,0.05226287570316012,0.0737691071942725,0.09027927460724512,0.4445660036296637
384,sinus,"woody,fresh,citrus",0.06288906780051765,0.09165600822568491,0.022428445872935934,0.11527334373079821,0.026824807288408813,0.0401062402733549,0.032517624624362126,0.09437017375339918,0.5139342884305382
385,"sinus,breathing,headache","woody,floral,citrus",0.03892473796730054,0.05465007221589784,0.08388626028006506,0.053347168810583684,0.05159453686734549,0.09005204324263352,0.07170379901227895,0.02348934861580392,0.532352032988091
386,"nausea,breathing",citrus,0.009178219582749433,0.020659331400987822,0.01927506587163845,0.07547250143480018,0.08164586978168406,0.10567174346145863,0.03200607878200943,0.08941115628708196,0.5666800333975901
387,sinus,"sweet,fresh,floral",0.0800181790507615,0.08686815337773228,0.08970593047357833,0.08587030003085254,0.01024528795448372,0.07791019011384802,0.07999565933742205,0.04247539746758368,0.4469109021937379
388,skin,"citrus,fresh,sweet",0.10559873666361158,0.10067386262478122,0.012145653156632899,0.046907611613972076,0.0688222828344603,0.054003689845236236,0.06657788675648543,0.08054333287716373,0.46472694362765654
389,"skin,headache,breathing","sweet,woody,fresh",0.010719426802709145,0.09083590142288563,0.05940411210755041,0.08616626819587907,0.09356610241102113,0.07704776011907895,0.03132869703519891,0.024913173042937307,0.5260185588627395
390,"headache,sinus,breathing","woody,citrus",0.025093223820255698,0.06965801076057106,0.03127877633542847,0.10723582143687645,0.04382332095848724,0.0676390024027053,0.09262063627584119,0.024034131251350347,0.5386170767584841
391,,sweet,0.014130227098321459,0.060176779730749676,0.10090113849121754,0.05065586707610405,0.02141286929498369,0.03494480780041961,0.06448506604637493,0.07389064130577844,0.5794026031560506
392,"skin,nausea,sinus",floral,0.05988204907464609,0.027820287820716987,0.10790818783689113,0.07476909133830581,0.019404240469219992,0.05178956545517491,0.05140785613340105,0.03194714380100393,0.57507157807064
393,,fresh,0.08104465025880095,0.014660951922474888,0.10651078550613925,0.01850737502311396,0.03034888158429877,0.0967941326611263,0.09288264013118071,0.017566806970949467,0.5416837759419157
394,"breathing,sinus","fresh,woody",0.03902737755901742,0.029018811709080154,0.016524046047137895,0.06934935279328466,0.032630100534634575,0.10126537374991083,0.09135024267619891,0.04761634234497766,0.5732183525857578
395,,"floral,fresh",0.010476294234431218,0.09765444565113961,0.05587613554363267,0.008132490816589254,0.016084200759268034,0.05164682095067888,0.11079249585327418,0.056931675610344123,0.5924054405806422
396,breathing,"citrus,woody",0.09199226165844306,0.041847881018010784,0.023241762370268995,0.06567226505769395,0.0759705253977991,0.08165594186654916,0.10950740022545956,0.038078156326240634,0.47203380607953477
397,,"citrus,floral,sweet",0.02971837999690201,0.12602846247863933,0.061097312694660434,0.019088661644571903,0.10227543957248499,0.04978817293291622,0.0251627935149082,0.05056790260852632,0.5362728745563907
398,breathing,"sweet,floral",0.01650598457644919,0.1027483079034369,0.07706208602514246,0.0718721753806478,0.01700357469343551,0.10517081847269724,0.07188041983039466,0.02559931226270436,0.5121573208550919
399,sinus,fresh,0.026659611333846783,0.08113215982843265,0.10191932017668988,0.031844224085397436,0.025227094893299544,0.10848826369267649,0.015949814621561902,0.09998144053283299,0.5087980708352623
400,"sinus,headache,nausea",fresh,0.07065639315869728,0.018326611289088277,0.013679279643783964,0.04730057460347608,0.027211077103885397,0.07757065332153558,0.06056683377798828,0.07253810986384505,0.6121504672377002
401,"headache,sinus","woody,fresh",0.055818795738676416,0.0648596169477439,0.062047749959107,0.06728943036755171,0.07854928483225716,0.009213511223622663,0.06170167152328841,0.08922965352029519,0.5112902858874576
402,"skin,headache",floral,0.09700188697495717,0.0581723133276493,0.041228897408250365,0.08911537489493647,0.07773923606138394,0.0793637540557971,0.011233425268199674,0.016345377871530477,0.5297997341372955
403,"nausea,breathing,sinus","floral,sweet,woody",0.014428856849404243,0.04994051189997546,0.053997748119827875,0.065534191721983,0.010995741584266068,0.07917496345857972,0.0846839911557751,0.06957555914115231,0.5716684360690362
404,sinus,woody,0.03227588243337418,0.04716299479099533,0.014519757015317462,0.077957623875923,0.06135688875649968,0.04869526180050676,0.09085543597328449,0.023551125451023617,0.6036250299030754
405,,"sweet,citrus,floral",0.08317358905785883,0.07207075474097359,0.02969502586524425,0.0977331516812883,0.016062659366457073,0.09354984550271264,0.03458840415876389,0.03871716570115138,0.53440940392555
406,"headache,skin,nausea","citrus,woody",0.07180362143089698,0.07111582874673153,0.09855882196802719,0.049386759418868845,0.030026817198009863,0.029773143369985832,0.0746710154402204,0.056833271155296294,0.5178307212719631
407,,fresh,0.05493961755025025,0.058664779309408846,0.054217157716274174,0.0691453674050234,0.013744660277528875,0.0179042251261229,0.0795027773957346,0.0334405107892735,0.6184409044303836
408,"sinus,skin,breathing","woody,citrus,fresh",0.10061451625902833,0.07976746440560872,0.06752061118276681,0.05400457451153822,0.01750429249458108,0.05375686545864644,0.05543580502741175,0.05524482839127301,0.5161510422691457
409,,floral,0.06359861590739298,0.0723056394592056,0.07284550470974743,0.08926275091771621,0.018257341843994183,0.09825984753811857,0.03997617968970224,0.05846647188386938,0.48702764805025345
410,"breathing,skin","citrus,floral",0.07665299601515961,0.04218498700441693,0.031921760541401334,0.11290862393613499,0.028676361624720488,0.07931537299308647,0.02279501156460963,0.012707289249394314,0.5928375970710762
411,"breathing,nausea","sweet,fresh,floral",0.047456956932309335,0.016917152339498483,0.08367151557474377,0.08683633443881746,0.06588274666245363,0.033705667073999857,0.03180743446365845,0.07354644362397057,0.5601757488905484
412,"nausea,breathing","citrus,woody,sweet",0.0334178468317876,0.08092162875294422,0.012931803892688505,0.024518170407507398,0.02190604031137722,0.04626130353758501,0.09295277857680694,0.03461394842315718,0.6524764792661459
413,"skin,breathing,nausea",woody,0.06440684608914597,0.08384893133372114,0.05747531896021013,0.0815700477980972,0.010691516808686229,0.08723768088510821,0.04275558563410906,0.026538978948662483,0.5454750935422595
414,"nausea,skin,headache",fresh,0.050817623782901424,0.022652419615507357,0.021991832384218386,0.03690564030699056,0.051476507816536655,0.08593936968947688,0.04147579229799912,0.09572164766978496,0.5930191664365846
415,"nausea,skin,sinus",floral,0.09071456319227846,0.03192683614643312,0.02170116124498394,0.09394921714544928,0.07755371012706463,0.07252888566327229,0.020516664818459835,0.08877550399112524,0.5023334576709333
416,,citrus,0.024375051801784422,0.024708418836137107,0.10595565427267804,0.011543248067565735,0.04377175966087649,0.029770814735592697,0.10864168139051275,0.06779323838456346,0.5834401328502893
417,breathing,"citrus,sweet",0.036507555586371934,0.10267661338052146,0.08382107259220893,0.06825454513678737,0.034929958169614306,0.0795317941944109,0.04244467455907361,0.04532046236879938,0.506513324012212
418,"headache,sinus,skin","sweet,citrus",0.11375654332452598,0.10954578375491457,0.01621963432135453,0.058978426115278704,0.026927736954896503,0.050406597341216025,0.01519423884963411,0.026358388392615572,0.582612650945564
419,"nausea,headache,breathing","sweet,fresh,citrus",0.07407818069826473,0.021510915397809763,0.08927622005819681,0.04348270735522636,0.03912321567944053,0.049924452231407956,0.06501926919497748,0.08057549767287857,0.5370095417117978
420,"nausea,headache,skin",sweet,0.00838829755155143,0.10094938451630864,0.04067503516955275,0.027593164196297506,0.09498112428202427,0.0555837653354095,0.030814073398951557,0.07581416451689241,0.5652009910330119
421,,"citrus,fresh,sweet",0.025695940626699356,0.08800374786693303,0.05790476432974557,0.08249497927266598,0.04831394504881885,0.05159760698501531,0.0831321738270667,0.09444699563060564,0.46840984641244954
422,"skin,nausea","sweet,woody",0.053519276521608004,0.03808408072377047,0.09282610460285438,0.09940483425746077,0.05822279566509767,0.06581634262873051,0.05626053498699598,0.08971369882030548,0.4461523317931768
423,nausea,woody,0.07347673231122902,0.07977575226845252,0.05392985808997978,0.06561917495557405,0.01868691855380672,0.08884691164380372,0.045401447667861514,0.0611659198864073,0.5130972846228854
424,sinus,"citrus,woody",0.039334037384587475,0.0828544605170905,0.03554606744443483,0.07397917372127713,0.049259028114559865,0.06631972439349948,0.08873918042790994,0.05844594748563959,0.5055223805110013
425,,"fresh,sweet",0.058893664195135025,0.10317493655945618,0.024500594124615135,0.014460327996988352,0.013481104040752766,0.08190994955133207,0.06662962662701187,0.08332290613140775,0.5536268907733007
426,headache,citrus,0.03824024034223568,0.022585364139958528,0.07824735905973226,0.022276074326967796,0.0258823596092651,0.04746753728663801,0.011066776475255306,0.12417605463250472,0.6300582341274426
427,skin,"fresh,floral",0.08705545654808403,0.10456993822119431,0.03848782484073472,0.05748761478071836,0.06060051179002648,0.02548872138276584,0.04129354719522895,0.07896883367030758,0.5060475515709397
428,"nausea,headache,skin","sweet,fresh",0.04772821219619124,0.0640277560391306,0.1033244722535607,0.07150404144213116,0.03639117637909447,0.027542973740169667,0.009867413097929191,0.059956373630047605,0.5796575812217454
429,,fresh,0.026343321512611585,0.0643907984813978,0.008316563145400677,0.035651633390721256,0.06226212645826838,0.08020628357016184,0.09177875010366986,0.07688050749618043,0.5541700158415882
430,"headache,skin","fresh,floral,citrus",0.0810534807938535,0.02574600776709665,0.024915428587695892,0.08681676849305725,0.0794596828173663,0.018175153995276586,0.07296452981748311,0.05926927047739581,0.551599677250775
431,"headache,sinus",citrus,0.04732896808512031,0.061836850501497356,0.013480013320466866,0.017723189854257217,0.04252268956247782,0.08587174813358361,0.10104920890254097,0.09617535091395732,0.5340119807260986
432,,"fresh,sweet,floral",0.029527573960103436,0.08506343893077532,0.07406327872621173,0.058367028145305457,0.06616722565964231,0.024402018769762338,0.05601199694014812,0.10055392604478727,0.5058435128232641
433,nausea,"sweet,citrus",0.028451412869679473,0.05773985661059616,0.008433820623515869,0.04246719836455472,0.06557394575439805,0.07723460321053835,0.06385456921108393,0.059445852757849596,0.5967987405977838
434,"sinus,skin,breathing","citrus,floral,sweet",0.044722047076676506,0.0767270189610989,0.09646703415624752,0.043385111662614835,0.08583339977259703,0.012790386526918667,0.08053027313074107,0.06977758081034499,0.48976714790276044
435,breathing,"woody,fresh",0.0795151470261683,0.038475860063295446,0.09004240008708311,0.04873181375400534,0.09247949159385235,0.09283731934810112,0.0688995489647476,0.08972584669710736,0.3992925724656393
436,,"floral,sweet,citrus",0.039590273637165746,0.09856221801373631,0.10960950786472014,0.03589875111856533,0.07992572879741038,0.08446334683227065,0.016581985151695903,0.01929377876645446,0.516074409817981
437,,floral,0.06468134140163598,0.10789077035539645,0.10422300914968438,0.0482469352936481,0.009941880763204127,0.06081433382711318,0.07375700404145902,0.062248867040797934,0.4681958581270609
438,,floral,0.08146623649478038,0.04899449432995967,0.040756321502809834,0.050862885750845896,0.07371666425190732,0.09463644004046363,0.061775631403961626,0.032648140814222994,0.5151431854110486
439,"headache,skin",fresh,0.08531096024817543,0.05294321864554558,0.032786633619187266,0.12708754301845815,0.009187414737329843,0.025193078815653584,0.017954950255352608,0.08248554910562732,0.5670506515546703
440,,citrus,0.03496582007980265,0.04681207182075681,0.09949485380640255,0.032341905234842004,0.024346158165587047,0.09694489870522326,0.047167019319171166,0.08705180023017683,0.5308754726380376
441,"headache,breathing","floral,citrus,fresh",0.07541136523510075,0.09335857739219251,0.03795589074975927,0.1029592409330543,0.09800782159211423,0.06204365801937775,0.05363784635742279,0.008354277406691707,0.46827132231428664
442,nausea,"floral,fresh",0.02594289699682085,0.08983927496522931,0.04649060849570242,0.04373771149918277,0.014815642719858713,0.07360246859882359,0.09899382543477152,0.05248524419578451,0.5540923270938264
443,"headache,breathing,skin","woody,fresh",0.09703061618862427,0.014492645088939432,0.04523438338145811,0.00848351071618317,0.053848705860425485,0.06399182319831659,0.09930470637508322,0.10852752730604967,0.5090860818849201
444,"breathing,headache","citrus,sweet",0.08573163194542024,0.038621041723828006,0.10526222289129226,0.030401071772513444,0.0759441986231447,0.08185036002564747,0.07513805854682905,0.025893866189474767,0.48115754828185
445,"headache,sinus,breathing","floral,fresh",0.0828915503516214,0.012961956467440364,0.05645425502579933,0.12061727191565622,0.07617931898553221,0.033698002372674174,0.056309129096408735,0.029948043001911766,0.5309404727829559
446,"breathing,skin","citrus,sweet",0.07379997075829806,0.016191426201902788,0.11180959614762165,0.04887701030180887,0.06578642335548421,0.03126523678104154,0.04679892528023926,0.03348562418906963,0.571985786984534
447,,"woody,citrus,sweet",0.05232174110224248,0.03890014913884739,0.08217413876322789,0.05401957647042088,0.034925775290897125,0.0651111087184257,0.08597522497392572,0.041987769141270746,0.544584516400742
448,,sweet,0.03510491206359115,0.09726379887258814,0.03645191396190827,0.022743738828891663,0.10144939791646296,0.0639994834880291,0.08156629912068687,0.02289325041691412,0.5385272053309277
449,breathing,"floral,woody,sweet",0.04114734719321374,0.04762936834723726,0.07589320342444975,0.09063352855113724,0.036601628807426706,0.06292768458339909,0.047140300165649004,0.026928333534306546,0.5710986053931807
450,,citrus,0.049223683855694166,0.07138727405183012,0.04280864835530264,0.08660669899907783,0.06425676047115592,0.08973268041729292,0.07084155227660906,0.0853659497031362,0.4397767518699011
451,sinus,floral,0.09844344761028513,0.0434949602982364,0.06660385428514327,0.06797946507346624,0.04241140164446615,0.01386318431521527,0.08980652974492039,0.042244163966698646,0.5351529930615685
452,,"floral,fresh",0.046633767257935436,0.09506454459622458,0.08952772547533248,0.08881876197198513,0.058016632344943586,0.07432628256261492,0.03503066357467337,0.05553324675464083,0.4570483754616496
453,,"floral,citrus",0.058404350932706864,0.07181097095762465,0.04125328696294913,0.02763477915004901,0.032004413214332186,0.09306710039859425,0.09013444827256141,0.08238322465105401,0.5033074254601284
454,"sinus,skin,nausea","citrus,woody,sweet",0.08831713085515427,0.05747176360774175,0.04040313117284961,0.095622262282734,0.035756856139383314,0.07795020074614498,0.028241067815561918,0.029603511300050806,0.5466340760803794
455,"skin,nausea","floral,woody,sweet",0.06034941525739293,0.05033923394750286,0.08589065945152287,0.06776444008273697,0.05939944822696562,0.05678254596463173,0.07513700247642165,0.08408449873041765,0.4602527558624077
456,"headache,nausea","sweet,floral,woody",0.013739816848373944,0.03396662699862946,0.07946336247969618,0.04860470228197789,0.0931873932391434,0.057066663741026744,0.06818218936799962,0.0726658835416443,0.5331233615015085
457,"skin,sinus","citrus,fresh",0.05048124293083375,0.03160617082895484,0.03192515479594466,0.09514952025216723,0.1037537917273226,0.05624599686898074,0.06643436850154509,0.10049350447523978,0.46391024961901123
458,,floral,0.0749304739188623,0.01627567537702501,0.03654619576166343,0.053457309228945336,0.08355132586921275,0.02099385432499804,0.04710266745253133,0.11445593492279169,0.5526865631439701
459,,sweet,0.02170471160117905,0.038149571187063296,0.011490017489452744,0.055250995598292926,0.10603813324854862,0.06526049832724903,0.06771427610090244,0.04465117710933284,0.589740619337979
460,headache,"floral,sweet",0.12279969382168572,0.01601521799925766,0.06085348656352167,0.03719068807111766,0.08761533363052768,0.11260247206261721,0.010833365114579665,0.02242919748313426,0.5296605452535585
461,skin,floral,0.01215019480943862,0.029658554717878226,0.021672813792169728,0.10027956638664595,0.1016363114852006,0.06553845989358495,0.08869695289718568,0.08581601987898724,0.49455112613890895
462,"nausea,sinus,headache",fresh,0.0967944713734532,0.021042612625189118,0.09551992450590889,0.05294905475171791,0.10122410850263909,0.07952372740792917,0.04267488338376153,0.10082465083745772,0.40944656661194345
463,skin,floral,0.013907280792949835,0.0433415880609611,0.07377523281198844,0.019086452645604268,0.13285276759424527,0.06925449785674125,0.05262991525755232,0.036161301636481166,0.5589909633434762
464,"nausea,breathing","woody,sweet",0.052034037229280225,0.06701267199880857,0.06482242114534695,0.07927325414782228,0.03204100857140596,0.09906856221047541,0.06961476281008618,0.014567836408499056,0.5215654454782753
465,nausea,"floral,citrus,woody",0.03202310676276304,0.09105909788517288,0.10741455215327866,0.013866453046083227,0.044409821660492725,0.06463441940754217,0.050834574547972,0.06582695979413214,0.5299310147425632
466,"skin,breathing",sweet,0.08838107612988844,0.042735006910852906,0.07442002046546797,0.07796275857196812,0.049563658795578405,0.01544619550550373,0.07511026710176,0.06337634935979013,0.5130046671591904
467,"nausea,headache",sweet,0.04785669027760295,0.08437566217844598,0.06947588868251493,0.10104116772599743,0.056704027423935426,0.008425072720319081,0.08412079317064246,0.04985181673022555,0.49814888109031613
468,"sinus,skin",fresh,0.044349087065352295,0.11197436059099203,0.07346270499061047,0.0828913427533135,0.03635519670105626,0.04240813470627971,0.03681851431033182,0.09256329272244576,0.47917736615961815
469,"breathing,headache,nausea",sweet,0.06378743278205504,0.08353019864769134,0.07724838963349127,0.05542477462869689,0.04763403672829739,0.09251930896419108,0.06784425184824171,0.03224199092701736,0.47976961584031796
470,,"fresh,woody",0.030200607531332455,0.0721775549994482,0.05667955143593103,0.10972892544380378,0.015747573986820116,0.06448095378344208,0.0888587249139488,0.04090275531217954,0.5212233525930939
471,skin,"citrus,woody,floral",0.05331715360810302,0.09451734486379657,0.06865950207492393,0.06411753184417308,0.0563373563448937,0.07697951404145918,0.028330168128320114,0.0310466301564197,0.5266947989379107
472,"headache,sinus","woody,citrus,fresh",0.03282940620165248,0.09992794229760155,0.08755693832365499,0.035504639832641516,0.04395296403589903,0.08041747256297961,0.024464693577008693,0.10394381845253244,0.49140212471602973
473,sinus,"woody,floral",0.03596990325706175,0.06769285510484276,0.07670048118368712,0.012427803437397942,0.07373562496334618,0.017009589940505724,0.012708043760387824,0.053701921806947064,0.6500537765458236
474,"breathing,skin,sinus","woody,citrus,sweet",0.04342090148968084,0.08750034551887309,0.032990777256442574,0.009505842392929004,0.09552118757697407,0.06784560957414867,0.012001296711000052,0.020836754994960783,0.630377284484991
475,"nausea,headache","floral,woody,sweet",0.05656781475026411,0.05532881376309252,0.021916294560499164,0.05082700735957028,0.09509512770171377,0.08036332254550922,0.06860190698042658,0.08826890896149522,0.4830308033774291
476,"breathing,nausea",citrus,0.11947831384625257,0.07355533979523042,0.020635551335735643,0.06198276029545068,0.018131358069440544,0.07532533107844311,0.042080461478987856,0.053804643392858,0.5350062407076012
477,"sinus,skin","sweet,fresh,citrus",0.0462217587550683,0.02742650802259502,0.09974402392773728,0.06518966903673505,0.07853481960863609,0.0549326075436065,0.09698081921640248,0.010837330759686981,0.5201324631295323
478,nausea,"floral,woody,citrus",0.015213380852742755,0.06493400332491696,0.11207950585114691,0.09832802407804059,0.06973578405720618,0.039977816607337374,0.008339318711377802,0.10590354662863188,0.48548861988859954
479,"nausea,sinus,headache","woody,sweet",0.07627319745162829,0.06502817211342599,0.07006750184449297,0.01851621928377683,0.027424144901665073,0.0977441847531744,0.07089773352666794,0.01819305943265372,0.5558557866925148
480,"nausea,skin",fresh,0.026830323686720028,0.024854592886018732,0.020502332690653206,0.01836000052915582,0.09182525596639504,0.015405653143236362,0.06015541637081205,0.13846220788773864,0.6036042168392701
481,sinus,"floral,woody",0.07268724114398854,0.01313198499393172,0.07540800596042536,0.07068245878416819,0.0922824348591158,0.06210728282600238,0.10609294992948096,0.03348665312626003,0.4741209883766271
482,,"woody,fresh",0.011979150903772693,0.10560483897408414,0.018189520485548456,0.09097138621669384,0.09675792811481848,0.0517059537656962,0.08113926749962938,0.10747323975229466,0.4361787142874622
483,"nausea,skin","fresh,floral,sweet",0.04330326862172615,0.06203052483753308,0.06266039553729538,0.024511860405353414,0.057116341143782196,0.031975498279614246,0.07104048953641409,0.07970135554492945,0.567660266093352
484,skin,fresh,0.06238722868682649,0.11096060260328176,0.05074067695698939,0.06751901393242986,0.05263507217373444,0.06427616031336188,0.019560766954198054,0.07885115006731812,0.49306932831185996
485,,"sweet,floral,fresh",0.05855445468958917,0.01779675202280859,0.07945486788102749,0.09339057383308193,0.09026321027938555,0.019740497124658144,0.07284015605522765,0.08531719614282139,0.4826422919714001
486,headache,"woody,fresh",0.039718684577900655,0.09832610812269538,0.012456434451723517,0.08093422423018015,0.10945392505430536,0.04370124761440088,0.07967047285993731,0.07709193392530654,0.45864696916355013
487,sinus,"woody,floral,sweet",0.08852617417984879,0.07661890506704891,0.06059103906306214,0.032862252672827455,0.021233117416565476,0.1041718741551456,0.07580252576910046,0.019950598427568928,0.5202435132488323
488,"skin,headache,sinus","fresh,sweet,floral",0.061471285362930804,0.0822137855984768,0.06245293265817157,0.06420025589224071,0.09290373910333226,0.09299104777580271,0.02059974353510208,0.018535070479688453,0.5046321395942547
489,,"floral,sweet",0.07739156499332618,0.06089949285016712,0.011307366655989982,0.09659325252364587,0.05573608621807304,0.042578937935581776,0.016912413438827677,0.09954271163722364,0.5390381737471647
490,"breathing,headache,nausea",fresh,0.08541436336501251,0.03605485195060513,0.03806408152860608,0.0694747007287761,0.09842724094591568,0.09734270485288138,0.06814520399182795,0.01849609709796921,0.48858075553840596
491,,"floral,woody,fresh",0.04896822766065795,0.0884403861409803,0.0786330478890167,0.03949500162290768,0.08058878261087855,0.0656615041054672,0.07252012522423473,0.07463539208425145,0.4510575326616055
492,"headache,sinus,skin",woody,0.013891221931045045,0.030538454128197223,0.08314782839615667,0.07827997474413784,0.09289111130176955,0.07795903029670254,0.048230826800636686,0.08419519947514084,0.49086635292621367
493,,"floral,fresh",0.03969210006974427,0.07230535190332234,0.07052422330348193,0.09157732502424386,0.0424841479062169,0.04233881548972346,0.07880923390850687,0.08932134866331624,0.4729474537314441
494,"nausea,skin,sinus","citrus,woody",0.03556530777200171,0.053685175727934846,0.010585796658690716,0.09794681446950346,0.0407758120343488,0.08013430332263095,0.07725438135709338,0.05620066895852582,0.5478517396992703
495,"headache,skin,nausea","woody,fresh,floral",0.031796945778969216,0.06098714411756,0.09483405634693905,0.063323786569732,0.0462836742286895,0.05729910147403611,0.012012916259119866,0.10745148619596373,0.5260108890289906
496,breathing,fresh,0.10740122904259257,0.07379761548001458,0.026343569480140376,0.03527309567464182,0.023773708631899225,0.05469262846711121,0.041974287576742694,0.05953501245512401,0.5772088531917335
497,"headache,nausea","fresh,woody,citrus",0.05029680121983129,0.04863556520683367,0.07862493552798214,0.08194760810926219,0.013985564810126751,0.06430598604074474,0.07091277171275927,0.10383998729430674,0.4874507800781532
498,sinus,fresh,0.06462232326638863,0.08842757167463079,0.07130299469552306,0.032118078029329804,0.023958676900658792,0.09962742210983773,0.020689311590836184,0.0799463296185382,0.5193072921142567
499,,fresh,0.06407312740961686,0.08733966850205384,0.035751212269645026,0.06880201982628625,0.01794569605058236,0.06052174161659703,0.04322471719116796,0.09861464693572661,0.523727170198324
500,,"sweet,citrus,woody",0.11679644216634419,0.11387100541618085,0.056303379301212056,0.03210447301015523,0.07740678711970529,0.01215802152818818,0.059690058027648527,0.030899195648157705,0.500770637782408
